EE UID,year
687901,2015
687902,2015
687903,2015
687904,2015
687905,2015
687907,2015
687909,2015
687911,2015
687912,2015
687913,2015
687914,2015
687951,2015
687967,2015
687968,2015
687969,2015
687970,2015
687973,2015
687974,2015
687975,2015
687982,2015
688348,2015
688349,2015
688350,2015
688352,2015
688353,2015
688357,2015
688359,2015
688361,2015
688362,2015
688363,2015
688365,2015
688366,2015
688367,2015
688368,2015
688369,2015
688370,2015
688371,2015
688372,2015
688378,2015
688395,2015
688396,2015
688397,2015
688398,2015
688403,2015
688405,2015
688406,2015
688408,2015
688410,2015
688413,2015
688414,2015
688415,2015
688416,2015
688417,2015
688418,2015
688419,2015
688420,2015
688427,2015
688496,2015
688497,2015
688498,2015
688502,2015
688503,2015
688505,2015
688506,2015
688532,2015
688561,2015
688562,2015
688564,2015
688566,2015
688569,2015
688570,2015
688571,2015
688572,2015
688721,2015
688722,2015
688723,2015
688724,2015
688726,2015
688727,2015
688728,2015
688729,2015
688731,2015
688733,2015
688734,2015
688735,2015
688737,2015
688740,2015
688750,2015
688751,2015
688752,2015
688753,2015
688754,2015
688755,2015
688756,2015
688757,2015
688767,2015
688768,2015
688770,2015
688777,2015
688780,2015
688782,2015
688784,2015
688785,2015
688788,2015
688796,2015
688797,2015
688800,2015
688803,2015
688804,2015
688805,2015
688806,2015
688807,2015
688813,2015
688821,2015
688825,2015
688827,2015
688829,2015
688830,2015
688831,2015
688832,2015
688833,2015
688834,2015
688835,2015
688836,2015
689310,2015
689313,2015
689314,2015
689315,2015
689316,2015
689317,2015
689728,2015
689730,2015
689731,2015
689733,2015
689734,2015
689735,2015
689736,2015
689741,2015
689745,2015
690106,2015
690107,2015
690108,2015
690618,2015
690620,2015
690621,2015
690623,2015
690936,2015
690937,2015
690938,2015
690939,2015
690941,2015
691022,2015
691023,2015
691081,2015
691403,2015
691404,2015
691408,2015
691412,2015
691416,2015
691417,2015
691589,2015
691805,2015
691806,2015
691807,2015
691810,2015
691814,2015
691817,2015
691818,2015
692148,2015
692151,2015
692156,2015
692159,2015
692161,2015
692162,2015
692163,2015
692165,2015
692547,2015
692548,2015
692550,2015
692552,2015
692553,2015
692557,2015
692899,2015
692901,2015
692903,2015
692905,2015
692906,2015
692908,2015
692913,2015
693538,2015
693539,2015
693540,2015
693541,2015
693542,2015
693543,2015
693544,2015
693545,2015
693546,2015
694230,2015
694234,2015
694235,2015
694236,2015
694238,2015
694244,2015
694245,2015
694246,2015
694551,2015
694552,2015
694554,2015
694555,2015
694556,2015
696389,2015
696963,2015
696964,2015
696966,2015
696967,2015
696968,2015
696969,2015
696970,2015
696971,2015
696972,2015
696973,2015
696974,2015
696975,2015
696976,2015
696977,2015
696978,2015
696979,2015
696980,2015
696981,2015
696982,2015
696983,2015
696984,2015
696985,2015
697295,2015
697296,2015
697297,2015
697298,2015
697299,2015
697301,2015
697302,2015
697303,2015
697304,2015
697305,2015
697306,2015
697307,2015
697308,2015
697309,2015
697310,2015
697311,2015
697601,2015
697602,2015
697957,2015
697958,2015
698215,2015
698216,2015
698298,2015
698695,2015
698698,2015
699095,2015
699096,2015
699097,2015
699098,2015
699100,2015
699101,2015
699102,2015
699105,2015
699106,2015
699107,2015
699109,2015
699391,2015
699392,2015
699449,2015
699450,2015
699712,2015
699713,2015
700013,2015
700015,2015
700016,2015
700017,2015
700478,2015
700479,2015
700480,2015
700481,2015
700486,2015
700488,2015
700490,2015
700813,2015
700815,2015
700816,2015
700818,2015
700819,2015
700820,2015
700821,2015
700823,2015
700828,2015
700830,2015
700881,2015
701099,2015
701100,2015
701101,2015
701102,2015
701405,2015
701406,2015
701694,2015
701695,2015
701696,2015
701698,2015
701699,2015
702190,2015
702192,2015
702193,2015
702194,2015
702195,2015
702196,2015
702197,2015
702198,2015
702511,2015
702512,2015
702513,2015
702514,2015
702515,2015
702516,2015
702517,2015
702518,2015
702519,2015
702520,2015
702521,2015
702784,2015
702928,2015
702929,2015
702955,2015
702959,2015
703283,2015
703607,2015
703608,2015
703609,2015
703610,2015
704098,2015
704100,2015
704102,2015
704103,2015
704104,2015
704105,2015
704108,2015
704110,2015
704112,2015
704113,2015
704114,2015
704488,2015
704489,2015
704490,2015
704491,2015
704492,2015
704493,2015
704494,2015
704495,2015
704496,2015
704790,2015
704791,2015
704792,2015
705118,2015
705119,2015
705120,2015
705400,2015
705401,2015
705402,2015
705403,2015
705404,2015
705893,2015
705906,2015
705912,2015
706434,2015
706435,2015
706436,2015
706437,2015
706438,2015
706439,2015
706440,2015
706442,2015
706443,2015
706444,2015
706445,2015
706446,2015
706447,2015
706828,2015
706829,2015
706830,2015
707115,2015
707686,2015
707687,2015
707688,2015
707689,2015
707690,2015
707691,2015
707692,2015
707694,2015
707695,2015
707697,2015
707698,2015
707699,2015
708111,2015
708112,2015
708114,2015
708115,2015
708116,2015
708117,2015
708118,2015
708119,2015
708120,2015
708121,2015
708122,2015
708123,2015
708124,2015
708125,2015
708126,2015
708506,2015
708507,2015
708508,2015
708510,2015
708511,2015
709344,2015
709345,2015
709346,2015
709347,2015
709348,2015
709790,2015
709797,2015
709798,2015
709801,2015
709955,2015
710169,2015
710170,2015
710172,2015
710173,2015
710175,2015
710177,2015
710180,2015
710182,2015
710183,2015
710224,2015
710273,2015
710278,2015
710279,2015
710284,2015
710528,2015
710529,2015
710530,2015
710905,2015
710906,2015
710907,2015
710908,2015
711184,2015
711187,2015
711188,2015
711189,2015
711639,2015
711640,2015
711641,2015
711642,2015
711644,2015
711645,2015
711941,2015
711942,2015
711943,2015
711944,2015
711945,2015
711947,2015
711948,2015
711949,2015
711950,2015
711952,2015
712095,2015
712130,2015
712335,2015
712337,2015
712340,2015
712341,2015
712342,2015
712394,2015
712399,2015
712410,2015
712430,2015
712434,2015
712692,2015
712693,2015
712977,2015
713526,2015
713528,2015
713531,2015
713532,2015
713544,2015
713677,2015
713692,2015
713957,2015
713958,2015
713959,2015
713961,2015
713962,2015
713964,2015
713965,2015
713966,2015
714070,2015
714253,2015
714254,2015
714292,2015
714316,2015
715037,2015
715038,2015
715039,2015
715040,2015
715052,2015
715390,2015
715391,2015
715392,2015
715393,2015
715394,2015
715396,2015
715452,2015
715454,2015
715779,2015
716340,2015
716341,2015
716841,2015
716842,2015
716845,2015
716846,2015
716892,2015
716903,2015
717752,2015
717758,2015
717759,2015
717760,2015
717761,2015
717764,2015
717847,2015
717872,2015
720091,2015
720095,2015
720099,2015
720103,2015
720105,2015
720110,2015
720111,2015
720112,2015
720113,2015
720114,2015
720117,2015
720118,2015
720119,2015
720120,2015
720121,2015
720122,2015
720123,2015
720124,2015
720329,2015
720350,2015
720402,2015
720405,2015
720666,2015
720671,2015
720672,2015
720673,2015
720674,2015
720676,2015
720677,2015
720680,2015
720683,2015
720688,2015
720854,2015
720857,2015
721218,2015
721219,2015
721220,2015
721221,2015
721222,2015
721223,2015
721226,2015
721227,2015
721735,2015
722040,2015
722041,2015
722042,2015
722043,2015
722047,2015
722730,2015
722731,2015
722732,2015
722733,2015
722734,2015
722736,2015
722737,2015
722738,2015
722740,2015
722745,2015
722746,2015
722757,2015
722758,2015
722759,2015
722761,2015
722839,2015
722842,2015
722843,2015
722844,2015
722845,2015
722849,2015
722850,2015
722865,2015
722874,2015
722875,2015
722876,2015
722877,2015
722879,2015
722880,2015
722881,2015
722884,2015
722896,2015
723215,2015
723216,2015
723218,2015
723219,2015
723221,2015
723222,2015
723223,2015
723225,2015
723226,2015
723227,2015
723228,2015
723229,2015
723655,2015
723656,2015
723657,2015
723658,2015
724662,2015
724911,2015
724912,2015
724913,2015
724918,2015
724919,2015
724920,2015
724921,2015
724922,2015
724923,2015
724924,2015
724925,2015
724926,2015
724928,2015
724929,2015
724931,2015
724932,2015
724933,2015
724934,2015
724935,2015
724936,2015
724937,2015
724938,2015
724939,2015
724940,2015
724941,2015
724942,2015
724943,2015
724944,2015
724945,2015
724946,2015
724947,2015
724948,2015
724949,2015
724950,2015
724952,2015
725339,2015
725340,2015
725341,2015
726083,2015
726085,2015
726086,2016
726087,2016
726088,2016
726089,2015
726090,2016
726538,2016
726539,2016
726542,2016
727135,2016
727136,2016
727137,2016
727138,2016
727143,2016
727144,2016
727146,2016
727147,2016
727149,2016
727675,2016
727676,2016
727677,2016
727678,2016
727679,2016
727681,2016
727685,2016
727780,2016
728071,2016
728072,2015
728073,2016
728075,2016
728077,2016
728078,2015
728079,2016
728080,2015
728082,2016
728083,2016
728084,2015
728089,2016
728090,2015
728091,2016
728092,2016
728509,2016
728579,2016
729552,2016
729553,2016
729554,2016
729555,2016
729558,2016
729572,2016
729573,2016
730085,2016
730086,2016
730087,2016
730624,2016
730626,2016
730661,2016
730751,2016
731055,2016
731056,2016
731059,2016
731060,2016
731061,2016
731477,2016
731478,2016
732731,2016
732732,2016
732734,2016
732735,2016
732736,2016
732737,2016
732738,2016
732739,2016
732740,2016
732742,2016
732743,2016
732744,2016
732745,2016
732746,2016
732747,2016
732751,2016
732752,2016
732753,2016
732755,2016
732756,2016
732757,2016
732758,2016
732759,2016
732760,2016
733249,2016
733250,2016
733251,2016
733252,2016
733696,2016
733697,2016
733699,2016
733700,2016
735019,2016
735026,2016
735027,2016
735028,2016
735031,2016
735032,2016
735033,2016
735036,2016
735039,2016
735040,2016
735041,2016
735042,2016
735046,2016
735048,2016
735053,2016
735193,2016
735536,2016
735537,2016
735538,2016
735539,2016
735540,2016
735620,2015
735978,2016
736094,2016
736606,2016
736609,2016
736611,2016
736612,2016
736613,2016
736614,2016
736615,2016
736616,2016
736617,2016
737183,2016
737184,2016
738092,2016
738093,2016
738094,2016
738620,2016
738621,2016
738622,2016
738627,2016
738628,2016
738630,2016
738632,2016
738633,2016
739168,2016
739169,2016
739170,2016
739171,2016
739172,2016
739173,2016
739174,2016
739649,2016
739650,2016
739652,2016
740145,2016
741109,2016
741110,2016
741111,2016
741112,2016
741113,2016
741114,2016
741115,2016
741119,2016
741706,2016
741708,2016
741709,2016
741711,2016
741712,2016
741713,2016
741715,2016
741716,2016
741720,2016
741723,2016
742363,2016
742405,2016
742846,2016
742847,2016
742881,2016
742981,2015
743428,2016
743429,2016
743431,2016
743432,2016
743438,2016
743440,2016
743441,2016
744624,2016
744625,2016
744626,2016
744628,2016
744629,2016
744630,2016
744631,2016
744632,2016
744633,2016
744634,2016
744635,2016
744636,2016
744637,2016
745104,2016
745105,2016
745106,2016
745107,2016
745108,2016
745109,2016
745117,2016
745534,2016
745535,2016
745536,2016
746155,2016
746156,2016
746157,2016
746158,2016
746159,2016
746160,2016
747600,2016
747601,2016
747602,2016
747603,2016
747604,2016
747605,2016
747606,2016
747607,2016
747608,2016
747609,2016
747610,2016
747611,2016
747612,2016
747613,2016
747614,2016
747615,2016
747616,2016
747617,2016
747618,2016
748080,2016
748081,2016
748082,2016
748083,2016
748084,2016
748085,2016
748086,2016
748087,2016
748088,2016
748089,2016
748090,2016
748091,2016
748092,2016
748510,2016
748511,2016
748512,2016
748513,2016
748514,2016
749068,2016
749069,2016
749070,2016
749223,2016
749581,2016
749582,2016
749584,2016
749593,2016
749594,2016
750453,2016
750454,2016
750455,2016
750456,2016
750457,2016
750458,2016
750459,2016
750460,2016
750461,2016
750462,2016
750463,2016
750464,2016
750957,2016
750958,2016
750959,2016
750960,2016
750961,2016
750963,2016
750965,2016
750973,2016
751025,2016
751515,2016
751516,2016
751519,2016
751522,2016
752022,2016
752023,2016
752024,2016
752025,2016
752026,2016
752027,2016
752075,2016
752493,2016
752494,2016
752495,2016
752496,2016
753363,2016
753364,2016
753365,2016
753366,2016
753371,2016
753373,2016
753378,2016
753379,2016
753380,2016
753985,2016
753986,2016
753987,2016
753988,2016
753989,2016
753990,2016
753991,2016
753992,2016
753993,2016
753994,2016
753995,2016
753996,2016
753997,2016
754121,2016
754501,2016
754502,2016
754503,2016
754504,2016
754973,2016
754974,2016
754975,2016
755453,2016
755454,2016
755455,2016
756273,2016
756282,2016
756283,2016
756290,2016
756756,2016
756757,2016
756758,2016
756759,2016
756760,2016
756761,2016
756762,2016
756763,2016
756765,2016
756766,2016
756768,2016
756769,2016
756770,2016
756771,2016
756772,2016
756773,2016
756774,2016
756776,2016
756777,2016
756778,2016
756779,2016
756780,2016
756782,2016
758217,2016
758218,2016
758220,2016
758221,2016
758222,2016
758224,2016
758225,2016
758227,2016
758228,2016
758230,2016
759101,2016
759104,2016
759105,2016
759110,2016
759111,2016
759112,2016
759113,2016
759120,2016
759121,2016
759122,2016
759123,2016
759124,2016
759125,2016
759636,2016
759637,2016
759638,2016
759639,2016
759641,2016
759642,2016
759644,2016
759645,2016
759646,2016
759647,2016
759648,2016
759650,2016
759651,2016
759652,2016
759654,2016
759656,2016
759753,2016
759758,2016
760148,2016
760149,2016
760150,2016
760151,2016
760152,2016
760777,2016
760779,2016
760780,2016
760781,2016
760782,2016
760783,2016
762287,2016
762361,2016
762363,2016
762772,2016
762774,2016
762776,2016
762780,2016
763943,2016
763944,2016
763945,2016
763946,2016
763948,2016
763949,2016
763950,2016
763951,2016
763954,2016
763955,2016
763956,2016
763957,2016
763959,2016
763963,2016
763968,2016
763969,2016
763975,2016
763977,2016
763980,2016
763985,2016
763987,2016
763989,2016
764080,2016
764395,2016
764396,2016
764397,2016
764398,2016
764399,2016
764400,2016
764401,2016
764402,2016
764403,2016
764405,2016
764406,2016
764408,2016
764409,2016
764410,2016
764411,2016
764412,2016
764415,2016
764418,2016
764780,2016
764781,2016
764782,2016
764783,2016
764784,2016
764786,2016
764787,2016
765100,2016
765101,2016
765102,2016
765103,2016
765104,2016
765406,2016
765407,2016
765408,2016
765409,2016
766025,2016
766027,2016
766028,2016
766030,2016
766031,2016
766033,2016
766034,2016
766037,2016
766038,2016
766412,2016
766413,2016
766415,2016
766416,2016
766417,2016
766418,2016
766419,2016
766420,2016
766421,2016
766422,2016
766423,2016
766424,2016
766426,2016
766427,2016
766429,2016
766430,2016
766432,2016
766435,2016
766437,2016
766438,2016
766439,2016
766816,2016
766817,2016
767175,2016
767178,2016
767179,2016
767180,2016
767181,2016
767491,2016
767492,2016
767493,2016
767494,2016
767495,2016
767496,2016
767498,2016
767499,2016
767500,2016
769737,2016
769738,2016
769739,2016
769740,2016
769741,2016
769742,2016
769744,2016
769746,2016
769747,2016
769748,2016
769750,2016
769751,2016
769752,2016
769753,2016
769754,2016
769756,2016
769757,2016
769759,2016
769760,2016
769761,2016
769762,2016
769764,2016
769772,2016
769773,2016
769775,2016
770103,2016
770104,2016
770105,2016
770107,2016
770109,2016
770115,2016
770118,2016
770123,2016
770126,2016
770132,2016
770133,2016
770135,2016
770136,2016
770137,2016
770138,2016
770139,2016
770140,2016
770141,2016
770387,2016
770388,2016
770710,2016
770711,2016
770713,2016
770714,2016
770716,2016
770717,2016
770718,2016
771030,2016
771031,2016
771500,2016
771501,2016
771502,2016
771503,2016
771600,2016
771852,2016
771853,2016
771854,2016
771855,2016
771856,2016
771857,2016
771858,2016
771859,2016
771860,2016
771861,2016
771862,2016
772260,2016
772261,2016
772262,2016
772263,2016
772264,2016
772606,2016
772607,2016
772608,2016
772876,2016
772877,2016
772878,2016
772880,2016
773355,2016
773356,2016
773357,2016
773358,2016
773361,2016
773362,2016
773673,2016
773674,2016
773675,2016
773676,2016
773677,2016
773679,2016
773680,2016
773681,2016
773682,2016
773684,2016
773685,2016
773686,2016
773687,2016
773688,2016
773843,2016
774070,2016
774072,2016
774073,2016
774075,2016
774076,2016
774473,2016
774474,2016
774475,2016
774477,2016
774478,2016
774480,2016
774736,2016
774737,2016
774738,2016
774739,2016
774740,2016
774741,2016
774742,2016
774743,2016
775259,2016
775260,2016
775261,2016
775262,2016
775263,2016
775265,2016
775266,2016
775364,2016
775641,2016
775642,2016
775644,2016
775646,2016
775648,2016
775651,2016
775652,2016
775659,2016
775663,2016
775664,2016
775665,2016
775789,2016
776045,2016
776046,2016
776047,2016
776048,2016
776052,2016
776053,2016
776379,2016
776381,2016
776382,2016
776383,2016
776384,2016
776385,2016
776386,2016
776631,2016
776632,2016
776633,2016
776634,2016
776635,2016
777092,2016
777093,2016
777094,2016
777213,2016
777236,2016
777432,2016
777433,2016
777434,2016
777435,2016
777436,2016
777437,2016
777438,2016
777439,2016
777440,2016
777442,2016
777443,2016
777445,2016
777446,2016
777494,2016
777780,2016
777787,2016
777791,2016
778193,2016
778194,2016
778195,2016
778196,2016
778197,2016
778198,2016
778199,2016
778200,2016
778201,2016
778202,2016
778203,2016
778204,2016
778205,2016
778206,2016
778207,2016
778208,2016
778209,2016
778210,2016
778436,2016
778437,2016
778983,2016
778984,2016
778986,2016
778987,2016
778988,2016
778997,2016
778998,2016
778999,2016
779002,2016
779003,2016
779004,2016
779005,2016
779006,2016
779007,2016
779008,2016
779009,2016
779010,2016
779011,2016
779012,2016
779013,2016
779014,2016
779015,2016
779016,2016
779017,2016
779018,2016
779045,2016
779047,2016
779090,2016
779402,2016
779403,2016
779404,2016
779405,2016
779409,2016
779410,2016
779419,2016
779731,2016
779732,2016
779733,2016
779734,2016
779735,2016
779736,2016
779737,2016
780027,2016
780028,2016
780029,2016
780030,2016
780031,2016
780032,2016
780034,2016
780035,2016
780036,2016
780505,2016
780506,2016
780507,2016
780508,2016
780509,2016
780510,2016
780511,2016
780512,2016
780846,2016
780847,2016
780848,2016
780849,2016
780850,2016
780854,2016
780855,2016
780857,2016
781174,2016
781175,2016
781176,2016
781177,2016
781179,2016
781180,2016
781181,2016
781720,2016
781721,2016
781722,2016
781723,2016
781724,2016
781725,2016
781726,2016
781727,2016
781728,2016
781729,2016
781730,2016
781731,2016
782242,2016
782243,2016
782244,2016
782245,2016
782246,2016
782248,2016
782249,2016
782250,2016
782251,2016
782253,2016
782255,2016
782257,2016
782274,2016
782580,2016
782581,2016
782582,2016
782583,2016
782584,2016
782585,2016
782586,2016
782587,2016
783052,2016
783358,2016
783359,2016
783361,2016
783362,2016
783484,2016
784209,2016
784211,2016
784213,2016
784575,2016
784576,2016
784577,2016
784578,2016
784579,2016
784580,2016
784581,2016
784582,2016
784584,2016
784585,2016
784663,2016
784676,2016
784701,2016
784907,2016
784908,2016
784909,2016
784910,2016
784913,2016
784915,2016
784916,2016
784917,2016
784918,2016
784919,2016
785214,2016
785215,2016
785217,2016
785218,2016
785219,2016
785220,2016
785221,2016
785291,2016
786016,2016
786017,2016
786018,2016
786019,2016
786020,2016
786021,2016
786022,2016
786023,2016
786026,2016
786027,2016
786028,2016
786029,2016
786030,2016
786031,2016
786420,2016
786421,2016
786423,2016
786424,2016
786425,2016
786426,2016
786427,2016
786727,2016
786728,2016
786730,2016
786731,2016
787080,2016
787083,2016
787084,2016
787085,2016
787086,2016
787374,2016
787375,2016
787376,2016
787377,2016
787378,2016
787925,2016
787926,2016
787927,2016
787928,2016
787929,2016
787930,2016
787931,2016
787933,2016
787934,2016
787935,2016
787936,2016
789533,2016
789534,2016
789535,2016
789536,2016
789538,2016
789539,2016
789540,2016
789541,2016
789543,2016
789544,2016
789545,2016
789546,2016
789547,2016
789553,2016
789554,2016
789555,2016
789556,2016
789557,2016
789558,2016
789559,2016
789560,2016
789562,2016
789563,2016
789564,2016
789565,2016
789566,2016
789567,2016
789568,2016
789569,2016
789996,2016
789997,2016
789998,2016
789999,2016
790000,2016
790001,2016
790369,2016
790370,2016
790371,2016
790372,2016
790373,2016
790374,2016
790379,2016
790380,2016
791692,2016
791693,2016
791697,2016
791698,2016
791706,2016
791708,2016
791710,2016
791711,2016
791717,2016
791718,2016
792138,2016
792139,2016
792140,2016
792141,2016
792142,2016
792143,2016
792144,2016
792145,2016
792146,2016
792147,2016
792148,2016
792473,2016
792474,2016
792475,2016
792476,2016
792477,2016
792478,2016
792479,2016
792524,2016
792525,2016
792721,2016
792722,2016
792723,2016
792724,2016
792725,2016
792726,2016
792727,2016
793016,2016
793017,2016
793018,2016
793533,2016
793534,2016
793535,2016
793538,2016
793539,2016
793542,2016
793544,2016
793545,2016
793891,2016
793892,2016
793895,2016
793896,2016
793898,2016
793899,2016
793900,2016
793901,2016
793902,2016
793903,2016
793904,2016
793906,2016
793907,2016
793908,2016
793910,2016
794247,2016
794248,2016
794249,2016
794250,2016
794251,2016
794252,2016
794622,2016
794629,2016
794953,2016
794966,2016
795467,2016
795468,2016
795469,2016
795792,2016
795793,2016
795794,2016
795795,2016
795796,2016
795797,2016
795798,2016
795800,2016
795801,2016
795802,2016
796216,2016
796217,2016
796218,2016
796219,2016
796220,2016
796221,2016
796826,2016
797378,2016
797380,2016
797382,2016
797383,2016
797388,2016
797389,2016
797390,2016
797391,2016
797394,2016
797396,2016
797900,2016
797901,2016
797902,2016
797903,2016
797904,2016
797905,2016
797908,2016
797909,2016
797911,2016
797912,2016
797913,2016
797917,2016
799109,2016
799460,2016
799464,2016
799465,2016
799510,2016
800471,2016
800472,2016
800974,2016
800976,2016
800978,2016
800979,2016
800980,2016
800983,2016
800984,2016
801166,2016
801353,2016
801354,2016
801355,2016
801356,2016
801673,2016
801674,2016
801675,2016
801676,2016
802319,2016
802320,2016
802321,2016
803534,2016
803535,2016
803536,2016
803537,2016
803538,2016
803539,2016
803540,2016
803541,2016
803542,2016
803543,2016
803545,2016
804395,2016
804415,2016
805437,2016
805438,2016
805439,2016
805440,2016
805441,2016
805442,2016
805443,2016
805444,2016
805445,2016
805446,2016
805447,2016
805448,2016
805865,2016
805870,2016
805873,2016
805886,2016
805891,2016
805892,2016
805893,2016
805919,2016
806427,2016
806505,2016
806506,2016
806584,2016
806597,2016
807044,2016
807045,2016
807046,2016
807048,2016
807397,2016
807400,2016
807401,2016
807402,2016
807405,2016
807407,2016
807408,2016
807409,2016
807415,2016
808047,2016
808048,2016
808049,2016
808050,2016
808051,2016
808751,2016
809084,2016
809085,2016
809087,2016
809088,2016
809120,2016
809136,2016
809137,2016
809139,2016
809140,2016
809142,2016
809152,2016
809417,2016
809418,2016
809421,2016
809432,2016
809441,2016
809445,2016
809457,2016
809458,2016
809459,2016
809809,2016
809816,2016
809825,2016
809831,2016
809855,2016
809856,2016
809858,2016
809936,2016
809951,2016
809958,2016
810084,2016
810086,2016
810099,2016
810125,2016
810126,2016
810127,2016
810495,2016
810496,2016
810498,2016
810499,2016
810612,2016
810804,2016
810805,2016
810807,2016
810808,2016
810809,2016
810810,2016
810811,2016
810812,2016
810813,2016
810814,2016
810815,2016
810816,2016
811098,2016
811100,2016
811102,2016
811680,2016
811681,2016
811682,2016
811683,2016
812135,2016
812138,2016
812191,2016
812247,2016
812451,2016
812570,2016
812815,2016
812871,2016
812886,2016
813420,2016
813439,2016
813440,2016
813442,2016
813443,2016
813444,2016
813445,2016
813822,2016
813823,2016
813824,2016
814044,2016
814064,2016
814224,2016
814225,2016
814226,2016
814227,2016
814228,2016
814538,2016
814895,2016
815218,2016
815219,2016
815357,2016
815358,2016
815939,2016
815944,2016
815949,2016
815985,2016
816215,2016
816216,2016
816217,2016
816218,2016
816219,2016
816220,2016
816221,2016
816222,2016
816223,2016
816224,2016
816563,2016
816564,2016
816565,2016
817191,2016
817192,2016
817694,2016
817697,2016
817832,2016
817838,2016
817844,2016
818060,2016
818061,2016
818063,2016
818064,2016
818204,2016
818206,2016
818207,2016
818410,2016
818412,2016
818413,2016
818414,2016
818704,2016
818791,2016
818792,2016
818996,2016
819512,2016
819513,2016
819514,2016
819515,2016
819517,2016
819518,2016
819868,2016
819869,2016
819870,2016
819871,2016
819872,2016
820283,2016
820356,2016
821081,2016
821082,2016
821513,2016
821514,2016
821516,2016
821699,2016
821899,2016
821900,2016
821901,2016
821902,2016
821903,2016
822073,2016
822088,2016
822694,2016
822695,2016
822696,2016
822697,2016
822698,2016
823820,2016
823823,2016
823824,2016
824624,2016
824626,2016
824627,2016
824631,2016
825028,2016
825031,2016
825032,2016
825034,2016
825035,2016
825766,2016
825767,2016
825769,2016
825771,2016
826146,2016
826148,2016
826151,2016
826152,2016
826153,2016
826154,2016
826155,2016
827006,2016
827007,2016
827009,2016
827010,2016
827012,2016
827309,2016
827310,2016
827773,2016
827776,2016
827777,2016
827778,2016
828035,2016
828253,2016
828254,2016
828255,2016
828256,2016
828257,2016
828258,2016
828259,2016
828260,2016
828261,2016
828262,2016
828263,2016
828494,2016
828725,2016
829449,2016
829450,2016
829451,2016
829452,2016
829859,2016
829860,2016
829861,2016
829862,2016
829863,2016
829864,2016
829865,2016
829894,2016
829961,2016
830142,2016
830143,2016
830144,2016
831522,2016
831523,2016
831597,2016
831600,2016
832171,2016
832173,2016
832175,2016
832176,2016
832179,2016
832180,2016
832182,2016
832184,2016
832185,2016
832186,2016
832188,2016
832189,2016
833373,2016
833375,2016
833376,2016
833377,2016
833378,2016
833379,2016
833380,2016
833381,2016
833382,2016
833384,2016
833385,2016
833387,2016
833542,2016
833804,2016
833805,2016
833873,2016
834954,2016
834956,2016
834957,2016
834958,2016
834959,2016
834960,2016
834961,2016
834963,2016
834964,2016
834965,2016
834966,2016
834967,2016
834968,2016
834969,2016
834970,2016
834971,2016
835078,2016
835383,2016
835384,2016
835385,2016
835386,2016
835387,2016
835388,2016
835389,2016
836184,2016
836185,2016
836186,2016
836187,2016
836618,2016
837391,2016
837392,2016
837393,2016
837396,2016
837828,2016
837829,2016
837831,2016
837832,2016
837833,2016
837834,2016
837835,2016
838217,2016
838218,2016
838692,2016
838997,2016
838998,2016
838999,2016
840264,2016
840265,2016
840535,2016
840536,2016
840537,2016
840539,2016
840540,2016
840541,2016
840542,2016
840543,2016
840544,2016
840615,2016
840619,2016
840921,2016
841885,2017
842302,2017
842303,2017
842304,2017
842305,2017
842306,2017
842307,2017
842308,2017
842310,2017
842311,2017
843198,2017
843200,2017
843201,2017
843202,2017
844230,2017
844231,2017
844232,2017
844233,2017
844235,2017
844236,2017
844241,2017
844242,2017
844243,2017
844244,2017
845121,2017
845122,2017
845123,2017
845125,2017
845136,2017
845138,2017
845315,2017
845318,2017
845700,2017
845703,2017
847059,2017
847061,2017
847062,2017
847063,2017
847210,2016
847216,2017
847291,2017
847557,2017
847558,2017
847560,2017
847561,2017
847562,2017
847563,2017
847564,2017
847565,2017
847566,2017
848110,2017
848111,2017
848112,2017
848667,2017
848668,2017
849112,2015
849114,2015
849417,2017
849419,2017
849514,2017
849517,2017
849521,2017
849522,2017
849524,2016
849530,2016
849841,2017
849842,2017
849843,2017
849844,2017
849845,2017
849846,2017
849955,2017
850053,2017
850054,2016
850128,2017
850142,2017
850146,2017
850449,2017
850450,2017
850451,2016
850456,2017
850457,2017
850582,2016
850603,2017
850604,2017
850608,2016
850627,2017
850628,2017
850639,2017
850947,2017
850948,2017
850949,2017
851394,2017
851396,2017
851397,2017
852466,2017
852467,2017
852468,2017
852470,2017
852471,2017
853065,2017
853066,2017
853067,2017
853068,2017
853070,2017
853124,2017
853275,2017
853728,2017
854262,2017
855476,2017
855477,2017
855478,2017
855479,2017
855480,2017
855486,2017
855487,2017
855488,2017
855489,2017
855962,2017
855963,2017
855964,2017
855965,2017
855967,2017
855969,2017
855970,2017
855971,2017
856963,2017
856964,2017
857501,2017
858329,2017
858330,2017
858684,2017
858685,2017
858686,2017
859133,2017
859134,2017
859136,2017
859137,2017
859602,2017
859603,2017
859604,2017
859605,2017
859606,2017
859607,2017
859609,2017
859610,2017
859700,2017
859711,2017
860128,2017
860129,2017
860251,2017
860253,2017
861033,2017
861034,2017
861035,2017
861485,2017
861486,2017
861487,2017
861488,2017
861489,2017
861900,2017
861901,2017
863776,2017
863778,2017
863780,2017
863781,2017
863782,2017
863783,2017
863784,2017
863785,2017
864484,2017
864485,2017
864486,2017
864491,2017
864492,2017
864496,2017
865011,2017
865012,2017
865013,2017
865014,2017
865020,2017
865496,2017
865497,2017
865498,2017
865978,2017
865979,2017
865980,2017
865981,2017
865982,2017
865983,2017
867011,2017
867012,2017
867014,2017
867016,2017
867018,2017
867021,2017
867023,2017
867026,2017
867062,2017
867063,2017
867597,2017
867598,2017
867599,2017
867600,2017
867601,2017
867602,2017
867603,2017
867604,2017
867605,2017
867606,2017
867607,2017
867608,2017
867641,2017
867642,2017
867643,2017
867645,2017
868072,2017
868073,2017
868074,2017
868075,2017
868159,2017
868988,2017
868989,2017
872610,2017
872611,2017
872612,2017
872613,2017
872614,2017
872615,2017
872626,2017
872627,2017
872628,2017
872629,2017
872630,2017
872631,2017
872632,2017
872633,2017
872634,2017
872635,2017
872636,2017
872639,2017
872641,2017
873148,2017
873149,2017
873150,2017
873151,2017
873153,2017
873154,2017
873155,2017
873156,2017
873157,2017
873158,2017
873159,2017
873160,2017
873162,2017
873165,2017
873166,2017
873172,2017
873173,2017
873645,2017
873646,2017
873647,2017
873648,2017
873650,2017
874085,2017
874086,2017
874089,2017
874092,2017
874612,2017
874613,2017
874614,2017
874615,2017
874616,2017
875585,2017
875587,2017
875588,2017
876041,2017
876044,2017
876045,2017
876046,2017
876047,2017
876049,2017
876051,2017
876527,2017
876528,2017
876529,2017
876530,2017
876931,2017
876932,2017
876933,2017
877298,2017
877299,2017
877301,2017
877302,2017
877801,2017
878143,2017
878144,2017
878145,2017
878146,2017
878147,2017
878521,2017
878522,2017
878523,2017
878525,2017
878526,2017
878527,2017
878528,2017
878529,2017
878530,2017
878888,2017
878890,2017
879754,2017
879755,2017
879759,2017
879760,2017
880107,2017
880108,2017
880112,2017
880114,2017
880115,2017
880116,2017
880117,2017
880118,2017
880804,2017
881387,2017
881388,2017
881389,2017
881390,2017
881391,2017
881392,2017
881393,2017
881394,2017
881395,2017
881396,2017
881397,2017
881398,2017
882031,2017
882032,2017
882033,2017
882034,2017
882035,2017
882172,2017
882243,2017
882511,2017
882695,2017
882696,2017
882697,2017
883260,2017
883510,2017
883511,2017
883513,2017
883514,2017
883515,2017
883833,2017
883839,2017
884921,2017
884922,2017
884923,2017
885198,2017
885199,2017
885200,2017
885201,2017
885202,2017
885207,2017
885208,2017
885209,2017
885501,2017
885503,2017
885504,2017
885795,2017
885796,2017
885797,2017
885798,2017
885799,2017
885800,2017
885801,2017
885802,2017
885803,2017
885804,2017
885805,2017
885810,2017
885811,2017
885812,2017
886084,2017
886544,2017
886545,2017
886546,2017
886547,2017
886550,2017
886551,2017
886727,2017
886918,2017
886919,2017
886920,2017
886921,2017
887165,2017
887166,2017
887167,2017
887168,2017
887169,2017
887170,2017
887450,2017
887454,2017
887455,2017
887456,2017
887752,2017
887753,2017
888114,2017
888419,2017
888420,2017
888422,2017
888423,2017
888424,2017
888429,2017
888431,2017
888456,2015
888734,2017
888735,2017
888737,2017
888738,2017
888739,2017
888899,2017
888963,2017
889065,2017
889066,2017
889176,2017
889178,2017
889180,2017
889263,2017
890377,2016
890378,2016
891236,2017
891237,2017
891238,2017
891239,2017
891240,2017
891241,2017
891243,2017
891244,2017
891245,2017
891246,2017
891251,2017
891640,2017
891641,2017
891642,2017
891643,2017
891644,2017
892253,2017
892751,2017
892752,2017
892753,2017
892754,2017
893118,2017
893418,2017
893704,2017
893944,2017
894310,2017
894311,2017
894312,2017
894313,2017
894596,2017
894597,2017
895255,2017
895257,2017
895259,2017
895260,2017
895261,2017
895854,2017
896143,2017
896144,2017
896145,2017
896146,2017
896492,2017
896493,2017
896497,2017
896498,2017
896767,2017
896768,2017
897052,2017
897053,2017
897055,2017
897056,2017
897152,2017
897386,2017
897388,2017
897389,2017
897637,2017
897639,2017
897642,2017
897792,2017
897798,2017
897889,2017
897890,2017
898268,2017
898283,2017
898758,2017
898759,2017
898761,2017
898765,2017
898766,2017
898767,2017
898768,2017
898769,2017
898781,2017
898782,2017
899596,2017
899689,2017
899691,2017
899692,2017
899693,2017
899694,2017
899695,2017
899696,2017
899697,2017
899698,2017
899699,2017
899700,2017
899701,2017
900081,2017
900082,2017
900084,2017
900409,2017
901678,2017
901688,2017
901689,2017
901690,2017
901697,2017
901948,2017
901949,2017
902120,2017
902252,2017
902254,2017
902255,2017
902531,2017
902532,2017
902796,2017
902797,2017
902798,2017
902799,2017
902800,2017
903179,2017
903182,2017
903458,2017
903460,2017
903465,2017
903466,2017
903467,2017
903468,2017
903469,2017
903733,2017
903734,2017
904012,2017
904262,2017
904270,2017
904660,2017
904892,2017
904893,2017
904894,2017
904895,2017
904897,2017
904901,2017
904906,2017
904907,2017
904908,2017
904909,2017
905184,2017
905186,2017
905448,2017
905451,2017
905453,2017
905691,2017
905692,2017
905693,2017
906095,2017
906096,2017
906097,2017
906099,2017
906100,2017
906101,2017
906102,2017
906104,2017
906105,2017
906106,2017
906107,2017
906403,2017
906404,2017
906406,2017
906408,2017
906409,2017
906410,2017
906412,2017
906414,2017
906415,2017
906421,2017
906664,2017
906669,2017
906671,2017
906672,2017
906673,2017
906674,2017
907022,2017
907024,2017
907025,2017
907026,2017
907096,2017
907097,2017
907098,2017
907110,2017
907112,2017
907115,2017
907116,2017
907118,2017
907241,2017
907242,2017
907243,2017
907629,2017
907632,2017
907633,2017
907634,2017
907967,2017
907968,2017
907969,2017
908198,2017
908201,2017
908510,2017
908511,2017
908512,2017
908513,2017
908714,2017
909398,2017
909401,2017
909402,2017
909404,2017
909406,2017
909732,2017
909734,2017
910023,2017
910024,2017
910025,2017
910316,2017
910638,2017
910639,2017
910640,2017
910642,2017
910936,2017
910937,2017
910938,2017
910940,2017
910941,2017
910943,2017
911228,2017
911519,2017
912570,2017
912571,2017
912572,2017
912573,2017
912574,2017
912575,2017
912576,2017
912582,2017
912586,2017
912589,2017
912591,2017
912976,2017
912979,2017
912998,2017
913247,2017
913248,2017
913249,2017
913250,2017
913251,2017
913640,2017
913641,2017
913642,2017
913921,2017
913922,2017
913923,2017
913924,2017
913925,2017
913926,2017
913927,2017
913928,2017
914307,2017
914308,2017
914719,2017
914720,2017
914721,2017
914723,2017
916055,2017
916057,2017
916058,2017
916061,2017
916062,2017
916100,2017
916110,2017
916115,2017
916116,2017
916118,2017
916119,2017
916120,2017
916123,2017
916953,2017
917005,2017
917007,2017
917008,2017
917220,2017
917223,2017
917224,2017
917602,2017
917603,2017
917604,2017
917610,2017
918202,2017
918203,2017
918204,2017
918209,2017
918435,2017
919165,2017
919166,2017
919167,2017
919169,2017
919170,2017
919171,2017
919172,2017
919173,2017
919181,2017
919183,2017
919184,2017
919185,2017
919186,2017
919190,2017
919193,2017
919942,2017
920475,2017
920476,2017
920478,2017
920479,2017
920480,2017
920481,2017
920482,2017
920483,2017
920484,2017
920486,2017
920487,2017
920490,2017
920778,2017
920779,2017
920780,2017
921101,2017
921102,2017
921103,2017
921104,2017
921105,2017
921492,2017
921539,2017
922013,2017
922017,2017
922018,2017
922020,2017
922137,2017
922617,2017
922618,2017
922619,2017
922620,2017
922621,2017
922910,2017
922911,2017
923144,2017
923146,2017
923147,2017
925093,2017
925094,2017
925095,2017
925096,2017
925097,2017
925098,2017
925099,2017
925356,2017
925357,2017
925358,2017
925359,2017
925360,2017
925362,2017
925366,2017
925367,2017
925368,2017
925414,2017
925613,2017
925614,2017
925615,2017
925616,2017
925617,2017
925618,2017
925619,2017
925620,2017
925621,2017
925623,2017
926187,2017
926545,2017
926546,2017
926547,2017
926847,2017
926848,2017
926849,2017
926850,2017
926851,2017
927074,2017
927100,2017
927108,2017
927322,2017
927323,2017
927357,2017
927369,2017
927588,2017
927589,2017
928016,2017
928018,2017
928019,2017
928020,2017
928021,2017
928022,2017
928023,2017
928089,2017
928237,2017
928238,2017
928239,2017
928240,2017
928241,2017
928242,2017
928243,2017
928897,2017
928898,2017
928899,2017
928904,2017
929167,2017
929575,2017
929576,2017
929608,2017
929610,2017
929919,2017
929920,2017
929921,2017
929922,2017
930163,2017
930164,2017
930165,2017
930240,2017
930772,2017
930773,2017
930775,2017
930776,2017
931510,2017
931511,2017
931513,2017
931816,2017
931820,2017
931821,2017
931822,2017
931823,2017
931861,2017
932112,2017
932550,2017
932551,2017
932552,2017
932553,2017
932554,2017
932844,2017
932854,2017
933514,2017
933515,2017
933518,2017
933521,2017
933522,2017
933681,2017
933808,2017
934535,2017
934536,2017
934537,2017
934538,2017
934540,2017
934845,2017
934846,2017
934847,2017
934849,2017
934934,2017
934949,2017
935465,2017
935466,2017
935467,2017
935468,2017
935476,2017
935712,2017
936280,2017
936281,2017
936282,2017
936284,2017
936285,2017
936637,2017
936638,2017
936639,2017
937190,2017
937191,2017
937192,2017
937193,2017
938242,2017
938243,2017
938244,2017
938246,2017
938247,2017
938318,2017
938595,2017
938656,2017
938657,2017
938892,2017
938893,2017
938894,2017
938896,2017
938897,2017
939485,2017
939486,2017
939487,2017
939488,2017
939497,2017
939498,2017
939499,2017
939500,2017
939501,2018
939502,2017
940055,2018
940056,2018
940062,2018
940064,2018
940730,2018
940731,2018
940732,2018
940733,2018
940734,2018
940735,2018
941642,2017
941646,2018
942884,2018
942885,2018
942886,2018
943803,2018
943804,2018
943805,2018
943806,2018
943809,2018
943857,2018
946501,2018
946502,2018
946503,2018
946504,2018
946505,2018
946506,2018
946507,2018
946508,2018
946509,2018
946510,2018
946512,2018
946513,2018
946514,2018
946515,2018
946516,2018
946517,2018
946518,2018
946519,2018
946522,2018
946688,2017
946859,2018
946861,2018
947281,2018
947284,2018
947291,2018
948687,2018
948691,2018
948692,2018
948693,2018
948769,2017
949955,2018
949957,2018
950214,2018
950216,2018
950217,2018
950218,2018
950281,2018
950304,2018
950305,2018
950307,2018
950375,2018
950565,2018
950567,2018
950572,2018
950573,2018
950580,2018
951370,2018
951371,2018
951372,2018
952043,2018
952045,2018
952046,2018
952195,2017
952348,2018
952349,2018
952351,2018
952352,2018
952353,2018
952354,2018
953219,2018
953220,2018
953763,2018
954116,2018
954117,2018
954119,2018
954121,2018
954238,2018
955118,2018
955122,2018
955125,2018
955126,2018
955127,2018
955128,2018
955129,2018
955130,2018
955131,2018
955132,2018
955133,2018
955134,2018
955135,2018
955136,2018
955254,2018
955291,2017
955418,2018
955810,2018
955917,2018
955918,2018
955919,2018
956360,2018
956361,2018
956362,2018
956363,2018
956364,2018
956365,2018
956644,2018
956651,2018
956653,2018
956654,2018
956669,2018
956674,2018
956746,2018
956748,2018
956749,2018
956750,2018
956752,2018
956753,2018
956754,2018
956755,2018
956840,2018
956843,2018
956847,2018
957126,2018
957127,2018
957491,2018
957493,2018
957495,2018
957500,2018
957505,2018
957507,2018
957508,2018
957854,2018
957857,2018
958290,2018
958291,2018
958787,2018
958788,2018
958790,2018
958794,2018
959083,2018
959084,2018
959455,2018
959457,2018
959458,2018
959461,2018
959591,2018
959752,2018
959753,2018
959754,2018
959755,2018
960207,2018
960208,2018
960428,2018
960542,2018
960543,2018
960544,2018
960545,2018
960546,2018
960547,2018
960701,2018
961176,2018
961177,2018
961178,2018
961179,2018
961180,2018
962216,2018
962217,2018
962218,2018
962839,2018
962840,2018
962844,2018
963966,2018
963967,2018
963969,2018
963970,2018
963971,2018
963972,2018
963973,2018
963974,2018
963975,2018
963976,2018
963977,2018
964230,2018
964236,2018
965058,2018
966359,2018
966360,2018
966361,2018
966362,2018
966363,2018
966364,2018
966365,2018
966366,2018
966367,2018
966368,2018
966369,2018
966370,2018
966372,2018
966373,2018
966375,2018
966709,2018
966711,2018
966952,2018
966955,2018
966957,2018
966959,2018
966960,2018
967057,2018
967225,2018
967226,2018
967227,2018
968167,2018
968168,2018
968170,2018
968171,2018
968172,2018
968174,2018
968175,2018
968176,2018
968704,2018
968705,2018
968706,2018
968707,2018
969694,2018
969797,2018
969798,2018
969799,2018
969800,2018
969801,2018
969802,2018
970041,2018
970042,2018
970043,2018
970044,2018
970045,2018
970046,2018
970890,2018
970892,2018
970893,2018
970895,2018
970897,2018
970903,2018
971157,2018
971158,2018
971159,2018
971160,2018
971161,2018
971162,2018
971998,2018
971999,2018
972000,2018
972002,2018
972004,2018
972463,2018
972464,2018
972465,2018
972466,2018
972467,2018
972468,2018
972469,2018
972470,2018
972471,2018
972472,2018
973604,2018
973608,2018
973609,2018
973610,2018
973611,2018
973612,2018
973613,2018
973614,2018
973615,2018
973616,2018
974119,2018
974120,2018
974121,2018
975494,2018
975505,2018
975660,2018
975665,2018
975667,2018
975668,2018
975669,2018
975671,2018
976451,2018
976461,2018
976463,2018
976464,2018
976467,2018
976468,2018
976470,2018
976471,2018
976472,2018
976473,2018
976489,2018
976493,2018
977032,2018
977036,2018
977037,2018
977044,2018
977045,2018
977047,2018
977048,2018
977049,2018
977052,2018
977054,2018
977055,2018
977069,2018
977070,2018
977071,2018
977136,2017
977423,2018
977807,2018
977814,2018
977816,2018
977877,2018
978011,2018
978012,2018
978013,2018
978014,2018
978808,2018
978817,2018
978924,2018
979312,2018
979313,2018
979315,2018
979316,2018
979439,2018
979483,2018
979587,2018
979589,2018
979591,2018
979592,2018
979593,2018
979594,2018
979595,2018
979719,2018
980183,2018
980184,2018
980188,2018
980189,2018
980269,2018
980270,2018
980271,2018
980277,2018
980290,2018
980818,2018
980984,2018
980987,2018
981031,2018
981440,2018
981441,2018
981451,2018
981455,2018
981456,2018
981752,2018
982430,2018
982431,2018
982432,2018
982620,2018
982621,2018
982630,2018
982637,2018
982640,2018
982648,2018
982660,2018
982661,2018
982663,2018
982665,2018
982666,2018
982954,2018
982955,2018
982959,2018
982960,2018
983662,2018
983663,2018
983826,2018
983829,2018
984038,2018
984039,2018
984040,2018
984041,2018
984096,2018
984097,2018
984098,2018
984099,2018
984122,2018
984570,2018
984571,2018
984572,2018
984695,2018
984696,2018
985708,2018
985752,2018
986251,2018
986252,2018
987100,2018
987120,2018
987121,2018
987257,2018
987258,2018
987527,2018
987668,2018
987914,2018
988588,2018
988589,2018
988673,2018
988675,2018
988680,2018
988723,2018
988815,2018
988816,2018
988817,2018
988818,2018
988957,2018
988958,2018
989384,2018
989385,2018
989386,2018
989388,2018
989389,2018
989661,2018
989662,2018
989663,2018
989687,2018
989695,2018
989699,2018
989700,2018
989945,2018
989946,2018
990062,2018
990216,2018
990217,2018
990795,2018
990801,2018
990802,2018
990898,2018
991080,2018
991081,2018
991783,2018
991784,2018
991785,2018
991786,2018
991787,2018
992174,2018
992175,2018
992176,2018
992193,2018
992194,2018
992195,2018
992196,2018
992202,2018
992204,2018
992205,2018
992206,2018
992370,2018
992372,2018
993165,2018
993174,2018
993246,2018
993451,2018
993456,2018
993458,2018
993703,2018
993723,2018
994029,2018
994038,2018
994046,2018
994239,2018
994270,2018
994271,2018
994570,2018
994573,2018
994682,2018
994998,2017
995245,2018
995826,2018
996125,2018
996129,2018
996131,2018
996132,2018
996304,2018
996339,2018
996417,2018
996419,2018
996704,2018
996705,2018
997325,2018
997326,2018
997596,2018
997743,2018
997744,2018
998025,2018
998026,2018
998306,2018
998320,2018
998373,2018
999161,2018
999404,2018
999621,2018
999676,2018
999707,2018
999717,2018
999911,2018
999912,2018
999918,2018
999927,2018
1000077,2018
1000078,2018
1000079,2018
1000080,2018
1000182,2018
1000187,2018
1000646,2018
1000972,2018
1001098,2018
1001099,2018
1001101,2018
1001105,2018
1001476,2018
1001541,2018
1001686,2018
1001743,2018
1001752,2018
1002339,2018
1002639,2018
1002847,2018
1002852,2018
1002909,2018
1002944,2018
1002949,2018
1003212,2018
1003214,2018
1003215,2018
1003223,2018
1003537,2018
1003695,2018
1003771,2018
1003859,2018
1003860,2018
1003863,2018
1003962,2018
1004004,2018
1004377,2018
1004379,2018
1004524,2018
1005030,2018
1005151,2018
1005194,2018
1005315,2018
1005316,2018
1005406,2018
1005762,2018
1005763,2018
1005764,2018
1005765,2018
1005766,2018
1006534,2018
1007057,2018
1007058,2018
1007574,2018
1007576,2018
1007987,2018
1007995,2018
1007998,2018
1007999,2018
1008000,2018
1008002,2018
1008003,2018
1008595,2018
1008601,2018
1008681,2018
1010376,2018
1010385,2018
1010552,2018
1011456,2018
1011462,2018
1011463,2018
1011511,2018
1011513,2018
1011516,2018
1011517,2018
1011541,2018
1012600,2018
1012813,2018
1012814,2018
1012816,2018
1012817,2018
1012818,2018
1012820,2018
1012821,2018
1012822,2018
1012823,2018
1012827,2018
1012829,2018
1012831,2018
1013791,2018
1013815,2018
1013833,2018
1013865,2018
1013866,2018
1014896,2018
1014935,2018
1014939,2018
1015651,2018
1015866,2018
1015869,2018
1015870,2018
1015875,2018
1015891,2018
1015893,2018
1015894,2018
1015896,2018
1015897,2018
1015898,2018
1016787,2018
1018406,2017
1018876,2018
1018877,2018
1018878,2018
1018879,2018
1018880,2018
1018881,2018
1018882,2018
1018883,2018
1018884,2018
1018885,2018
1018886,2018
1018887,2018
1018894,2018
1018975,2018
1018979,2018
1019070,2018
1019071,2018
1019084,2018
1019243,2018
1019245,2018
1019670,2018
1019671,2018
1020009,2018
1020014,2018
1020259,2018
1020608,2018
1020609,2018
1020610,2018
1020611,2018
1021131,2018
1021132,2018
1021133,2018
1021138,2018
1021139,2018
1021143,2018
1021146,2018
1021147,2018
1021148,2018
1022186,2018
1022187,2018
1022188,2018
1022190,2019
1022191,2018
1022684,2018
1023003,2018
1023327,2019
1023895,2019
1023906,2019
1023907,2019
1023908,2019
1023909,2018
1023910,2019
1024252,2018
1024571,2019
1024587,2018
1025422,2019
1025423,2019
1025424,2019
1025425,2019
1025428,2019
1025436,2019
1025905,2019
1026169,2019
1026170,2019
1026171,2019
1026172,2019
1026173,2019
1026174,2019
1026175,2019
1026176,2019
1026918,2018
1026929,2018
1027595,2019
1027596,2019
1027597,2019
1027598,2019
1027705,2019
1027723,2019
1027724,2019
1027730,2019
1027738,2019
1027765,2019
1027774,2019
1027782,2019
1027789,2019
1027791,2019
1027794,2019
1027798,2019
1027816,2019
1027972,2019
1027974,2019
1027975,2019
1028176,2019
1028363,2019
1029541,2019
1029542,2019
1029680,2019
1029681,2019
1030260,2019
1032275,2019
1032276,2019
1032492,2019
1032517,2019
1032689,2019
1032692,2019
1032696,2019
1032697,2019
1032701,2019
1032705,2019
1033214,2019
1034041,2019
1034287,2019
1034430,2019
1034431,2019
1034432,2019
1034437,2019
1034878,2019
1035102,2019
1035254,2019
1035658,2019
1035881,2019
1036057,2019
1036060,2019
1036061,2019
1036095,2019
1036099,2019
1036732,2019
1036733,2019
1036734,2019
1037651,2019
1037974,2019
1037976,2019
1037978,2019
1037989,2019
1037991,2019
1037994,2019
1038018,2019
1038285,2019
1038460,2019
1038467,2019
1039487,2019
1039488,2019
1039489,2019
1039490,2019
1039491,2019
1039650,2019
1040095,2019
1040173,2019
1040177,2019
1040218,2019
1040637,2019
1040642,2019
1040643,2019
1040644,2019
1040645,2019
1040646,2019
1041094,2019
1041310,2019
1041311,2019
1041313,2019
1041315,2019
1041804,2019
1041805,2019
1042207,2019
1042220,2019
1042228,2019
1043238,2019
1043239,2019
1043241,2019
1044188,2019
1044189,2019
1044190,2019
1044211,2019
1045752,2019
1045753,2019
1045754,2019
1045755,2019
1045756,2019
1045761,2019
1045821,2019
1045833,2019
1045846,2019
1045847,2019
1045848,2019
1045850,2019
1045854,2019
1045855,2019
1045856,2019
1045857,2019
1046067,2019
1046649,2019
1046658,2019
1047718,2019
1047719,2019
1047725,2019
1048174,2019
1048541,2019
1048543,2019
1050100,2019
1050324,2019
1050325,2019
1050327,2019
1050328,2019
1050329,2019
1050330,2019
1050333,2019
1051244,2019
1051295,2019
1051981,2019
1052017,2019
1052076,2019
1052077,2019
1052079,2019
1052082,2019
1052083,2019
1052084,2019
1052085,2019
1052927,2019
1053504,2019
1053505,2019
1053507,2019
1053510,2019
1053512,2019
1053515,2019
1053517,2019
1053520,2019
1053523,2019
1053526,2019
1053529,2019
1053537,2019
1053538,2019
1053539,2019
1053540,2019
1053542,2019
1053544,2019
1053812,2019
1054041,2019
1054042,2019
1054122,2019
1054168,2019
1054169,2019
1055325,2019
1055375,2019
1055510,2019
1055511,2019
1055512,2019
1055927,2019
1055929,2019
1056415,2019
1056430,2019
1057003,2019
1057341,2019
1057342,2019
1057344,2019
1057345,2019
1057346,2019
1057612,2019
1057613,2019
1057615,2019
1057616,2019
1057617,2019
1057618,2019
1057619,2019
1057783,2019
1057956,2019
1057957,2019
1057959,2019
1059068,2019
1059069,2019
1059070,2019
1059071,2019
1059078,2019
1059083,2019
1059085,2019
1059366,2019
1059373,2019
1059379,2019
1059573,2019
1059577,2019
1059579,2019
1059580,2019
1059582,2019
1059583,2019
1059600,2019
1059648,2019
1059649,2019
1059655,2019
1059656,2019
1059663,2019
1059665,2019
1059923,2019
1060301,2019
1060304,2019
1060310,2019
1060315,2019
1060834,2019
1060837,2019
1060852,2019
1060860,2019
1061110,2019
1061114,2019
1061439,2019
1061441,2019
1062924,2019
1062927,2019
1062937,2019
1062939,2019
1062940,2019
1062941,2019
1062942,2019
1062943,2019
1063999,2019
1064001,2019
1064053,2019
1064094,2019
1064118,2019
1064387,2019
1064411,2019
1064412,2019
1064413,2019
1064415,2019
1064416,2019
1064417,2019
1064418,2019
1064420,2019
1064421,2019
1064422,2019
1064424,2019
1064425,2019
1064426,2019
1064429,2019
1064561,2019
1064662,2019
1064663,2019
1064684,2019
1064788,2019
1064789,2019
1064793,2019
1064795,2019
1064816,2019
1064817,2019
1064863,2019
1064878,2019
1065208,2019
1065219,2019
1065220,2019
1065221,2019
1065252,2019
1065254,2019
1065380,2019
1065381,2019
1065386,2019
1065387,2019
1065391,2019
1065406,2019
1065557,2019
1065558,2019
1065559,2019
1065560,2019
1065561,2019
1065562,2019
1065563,2019
1065564,2019
1065769,2019
1065967,2019
1065999,2019
1066156,2019
1066162,2019
1066163,2019
1066321,2019
1066337,2019
1066363,2019
1066383,2019
1066415,2019
1066714,2019
1066716,2019
1066724,2019
1066725,2019
1066727,2019
1066728,2019
1066729,2019
1066822,2019
1066825,2019
1066841,2019
1066842,2019
1067114,2019
1067116,2019
1067204,2019
1067213,2019
1067224,2019
1067225,2019
1067229,2019
1067234,2019
1067404,2019
1067446,2019
1067448,2019
1067453,2019
1067655,2019
1067657,2019
1067663,2019
1067666,2019
1067670,2019
1067673,2019
1067680,2019
1067699,2019
1067700,2019
1067701,2019
1067702,2019
1067704,2019
1067707,2019
1067835,2019
1067840,2019
1067842,2019
1067843,2019
1067857,2019
1067907,2019
1068013,2019
1068085,2019
1068087,2019
1068103,2019
1068111,2019
1068187,2019
1068311,2019
1068464,2019
1068561,2019
1068565,2019
1068647,2019
1068653,2019
1068658,2019
1068659,2019
1068660,2019
1068661,2019
1068662,2019
1068665,2019
1068666,2019
1068669,2019
1068840,2019
1068841,2019
1068842,2019
1068844,2019
1068845,2019
1068846,2019
1068864,2019
1068950,2019
1068956,2019
1068961,2019
1068972,2019
1068978,2019
1068983,2019
1068984,2019
1068985,2019
1068986,2019
1069060,2019
1069159,2019
1069247,2019
1069249,2019
1069251,2019
1069393,2019
1069394,2019
1069398,2019
1069399,2019
1069420,2019
1069421,2019
1069422,2019
1069425,2019
1069427,2019
1069472,2019
1069526,2019
1069534,2019
1069541,2019
1069546,2019
1069556,2019
1069557,2019
1069558,2019
1069857,2019
1069861,2019
1069869,2019
1069873,2019
1069874,2019
1069878,2019
1069881,2019
1069894,2019
1069897,2019
1069898,2019
1070105,2019
1070130,2019
1070131,2019
1070132,2019
1070135,2019
1070136,2019
1070147,2019
1070239,2019
1070240,2019
1070250,2019
1070259,2019
1070264,2019
1070265,2019
1070267,2019
1070276,2019
1070284,2019
1070378,2019
1070380,2019
1070381,2019
1070394,2019
1070471,2019
1070473,2019
1070510,2019
1070511,2019
1070512,2019
1070513,2019
1070615,2019
1070621,2019
1070637,2019
1070843,2019
1070855,2019
1070857,2019
1070916,2019
1071006,2019
1071017,2019
1071033,2019
1071036,2019
1071045,2019
1071194,2019
1071195,2019
1071200,2019
1071205,2019
1071364,2019
1071401,2019
1071467,2019
1071468,2019
1071826,2019
1071829,2019
1071921,2019
1071922,2019
1071923,2019
1071924,2019
1071925,2019
1071926,2019
1071987,2019
1071988,2019
1071989,2019
1072065,2019
1072067,2019
1072068,2019
1072142,2019
1072161,2019
1072394,2019
1072395,2019
1072396,2019
1072432,2019
1072513,2019
1072525,2019
1072533,2019
1072593,2019
1072605,2019
1072608,2019
1072633,2019
1072648,2019
1072694,2019
1072719,2019
1072722,2019
1072724,2019
1072771,2019
1072787,2019
1072789,2019
1072793,2019
1072858,2019
1072893,2019
1072934,2019
1072939,2019
1073006,2019
1073016,2019
1073178,2019
1073189,2019
1073218,2019
1073234,2019
1073259,2019
1073262,2019
1073267,2019
1073273,2019
1073326,2019
1073370,2019
1073378,2019
1073390,2019
1073391,2019
1073468,2019
1073470,2019
1073492,2019
1073504,2019
1073507,2019
1073604,2019
1073626,2019
1073634,2019
1073654,2019
1073662,2019
1073663,2019
1073769,2019
1073775,2019
1073864,2019
1073866,2019
1073895,2019
1073907,2019
1073908,2019
1073917,2019
1073963,2019
1073984,2019
1074006,2019
1074024,2019
1074025,2019
1074026,2019
1074179,2019
1074217,2019
1074277,2019
1074280,2019
1074300,2019
1074322,2019
1074391,2019
1074405,2019
1074495,2019
1074506,2019
598786,2014
598791,2014
598792,2014
602692,2014
603777,2014
603785,2014
606994,2014
607502,2014
607503,2014
607504,2014
607510,2014
608871,2014
608889,2014
610202,2014
610203,2014
611580,2014
611585,2014
611589,2014
611590,2014
612006,2014
612008,2014
612010,2014
612379,2014
612380,2014
613699,2014
613700,2014
613704,2014
613706,2014
613707,2014
613709,2014
614086,2014
614089,2014
614090,2014
614091,2014
614092,2014
614093,2014
614094,2014
614095,2014
614613,2014
614614,2014
614617,2014
615302,2014
615304,2014
615305,2014
615306,2015
615307,2015
615308,2015
616229,2015
616230,2015
616701,2015
616702,2015
616703,2015
616705,2015
616707,2015
616709,2015
616710,2015
616711,2015
616712,2015
616713,2015
616715,2015
616716,2015
616717,2015
616718,2015
617352,2015
617455,2015
617520,2014
617942,2015
617943,2015
617944,2015
617946,2015
617947,2015
618508,2015
618586,2015
619634,2015
619635,2015
619636,2015
619638,2015
619639,2015
619640,2015
619641,2015
620107,2015
620108,2015
620110,2015
620111,2015
620112,2015
620183,2015
620242,2015
620594,2015
620596,2015
621144,2015
621145,2015
621146,2015
621175,2015
621176,2015
621207,2015
621225,2015
621698,2015
623075,2015
623076,2015
623077,2015
623079,2015
623080,2015
623082,2015
623161,2015
623545,2015
623546,2015
623548,2015
623549,2015
624015,2015
624018,2015
624473,2014
624619,2015
625630,2015
625631,2015
626108,2015
626109,2015
626110,2015
626111,2015
626113,2015
626114,2015
626116,2015
626117,2015
626118,2015
626688,2015
626689,2015
626691,2015
626693,2015
627327,2015
627328,2015
627792,2015
627793,2015
627794,2015
627795,2015
629531,2015
629532,2015
629533,2015
629541,2015
629547,2015
629548,2015
629554,2015
629560,2015
630057,2015
630058,2015
630059,2015
630061,2015
630062,2015
632112,2015
632113,2015
632114,2015
632115,2015
632116,2015
632117,2015
632118,2015
632119,2015
632120,2015
632121,2015
632122,2015
632123,2015
632124,2015
632125,2015
632126,2015
632127,2015
632128,2015
632129,2015
632130,2015
632131,2015
632132,2015
632133,2015
632134,2015
632135,2015
632136,2015
632137,2015
632569,2015
632571,2015
632572,2015
632573,2015
632574,2015
632575,2015
632592,2015
633079,2015
633081,2015
633125,2015
633154,2015
633599,2015
633600,2015
633601,2015
634230,2015
634231,2015
635369,2015
635371,2015
635373,2015
635374,2015
635375,2015
636375,2015
636376,2015
636377,2015
636378,2015
636379,2015
636380,2015
636381,2015
636384,2015
636479,2015
636481,2015
636482,2015
636483,2015
636484,2015
636888,2015
636889,2015
636890,2015
636891,2015
636892,2015
636893,2015
636895,2015
638546,2015
638548,2015
638549,2015
638550,2015
638551,2015
638559,2015
638560,2015
638561,2015
639055,2015
639057,2015
639058,2015
639059,2015
639060,2015
639061,2015
639062,2015
639554,2015
639555,2015
639600,2015
640464,2015
640465,2015
640466,2015
640467,2015
641447,2015
641448,2015
641452,2015
641453,2015
641454,2015
641455,2015
641456,2015
641457,2015
641458,2015
641459,2015
641462,2015
641463,2015
641910,2015
641911,2015
641912,2015
641913,2015
641914,2015
641916,2015
641917,2015
641918,2015
641919,2015
641920,2015
641921,2015
642013,2015
642412,2015
642413,2015
642414,2015
642850,2015
643392,2015
643393,2015
644510,2015
644511,2015
644512,2015
644513,2015
644514,2015
644982,2015
644983,2015
644984,2015
644985,2015
644986,2015
644987,2015
644988,2015
644989,2015
644990,2015
644991,2015
645129,2015
645430,2015
645431,2015
645435,2015
645436,2015
645437,2015
645995,2015
645996,2015
646464,2015
646465,2015
646466,2015
646467,2015
647416,2015
647417,2015
647418,2015
647419,2015
647420,2015
647421,2015
647422,2015
647423,2015
647424,2015
647425,2015
647911,2015
647912,2015
647913,2015
647914,2015
647915,2015
647917,2015
648407,2015
648408,2015
648488,2015
648850,2015
648851,2015
648852,2015
648853,2015
649299,2015
649300,2015
649827,2015
649829,2015
650333,2015
650336,2015
650338,2015
650851,2015
650852,2015
650853,2015
650855,2015
651332,2015
651333,2015
651334,2015
651466,2015
651486,2015
651487,2015
651790,2015
651791,2015
651792,2014
653175,2015
653176,2015
653177,2015
653178,2015
653179,2015
653210,2015
653600,2015
653601,2015
654080,2015
654082,2015
654434,2015
654435,2015
654567,2015
656683,2015
656684,2015
656685,2015
656686,2015
656689,2015
656690,2015
656695,2015
656697,2015
656698,2015
656699,2015
656701,2015
656702,2015
656703,2015
656704,2015
656705,2015
656707,2015
656708,2015
656709,2015
656710,2015
656711,2015
656712,2015
656713,2015
656714,2015
656715,2015
656716,2015
656717,2015
656718,2015
656719,2015
656720,2015
656721,2015
656722,2015
656723,2015
656724,2015
656725,2015
656726,2015
657029,2015
657030,2015
657034,2015
657036,2015
657038,2015
657039,2015
657041,2015
657042,2015
657043,2015
657044,2015
657045,2015
657047,2015
657048,2015
657049,2015
657050,2015
657051,2015
657052,2015
657406,2015
657407,2015
657408,2015
657409,2015
657410,2015
657739,2015
657740,2015
657741,2015
657969,2015
657970,2015
657971,2015
658413,2015
658414,2015
658415,2015
658416,2015
658437,2015
658449,2015
658451,2015
658699,2015
658700,2015
658750,2015
658801,2015
658802,2015
658968,2015
659467,2015
659468,2015
659469,2015
659924,2015
659925,2015
659928,2015
660048,2015
660251,2015
660252,2015
660255,2015
660545,2015
660546,2015
660547,2015
660548,2015
660638,2015
660853,2015
660854,2015
660855,2015
661105,2015
661191,2015
661202,2015
661538,2015
661539,2015
661926,2015
661927,2015
661928,2015
661929,2015
662239,2015
662241,2015
662242,2015
662243,2015
662244,2015
662518,2015
662519,2015
662520,2015
662521,2015
662522,2015
662523,2015
662524,2015
662526,2015
662527,2015
662732,2015
662734,2015
662735,2015
662736,2015
663196,2015
663197,2015
663198,2015
663199,2015
663496,2015
663497,2015
663498,2015
663499,2015
663500,2015
663780,2015
663781,2015
663783,2015
663784,2015
663785,2015
663786,2015
664065,2015
664327,2015
664328,2015
664330,2015
664694,2015
664918,2015
664919,2015
664921,2015
664922,2015
664923,2015
664927,2015
664928,2015
665223,2015
665224,2015
665225,2015
665566,2015
665567,2015
665807,2015
665808,2015
665834,2015
666516,2015
666517,2015
666519,2015
666520,2015
666521,2015
666522,2015
666524,2015
666526,2015
666528,2015
666821,2015
666822,2015
667161,2015
667162,2015
667335,2015
667593,2015
667594,2015
667947,2015
668912,2015
668914,2015
668919,2015
668937,2015
669601,2015
669602,2015
669604,2015
669605,2015
669606,2015
669608,2015
669609,2015
669610,2015
669611,2015
669612,2015
669613,2015
669615,2015
669616,2015
669617,2015
669618,2015
669619,2015
669957,2015
669959,2015
669960,2015
669993,2015
670285,2015
670355,2015
670367,2015
670591,2015
670592,2015
670879,2015
670880,2015
671323,2015
671325,2015
671326,2015
671327,2015
671663,2015
671664,2015
671665,2015
671666,2015
671667,2015
671668,2015
671798,2015
671991,2015
671992,2015
672281,2015
672590,2015
672595,2015
673052,2015
673053,2015
673345,2015
673346,2015
673347,2015
673348,2015
673349,2015
673350,2015
673351,2015
673352,2015
673354,2015
673638,2015
673639,2015
673640,2015
673641,2015
673643,2015
673644,2015
673950,2015
674211,2015
674651,2015
674652,2015
674653,2015
674654,2015
674656,2015
674657,2015
674919,2015
674920,2015
674922,2015
674923,2015
674924,2015
674927,2015
674928,2015
674930,2015
674935,2015
675308,2015
675309,2015
675310,2015
675311,2015
675312,2015
675314,2015
675354,2015
675602,2015
675603,2015
675604,2015
675608,2015
676257,2015
676258,2015
676259,2015
676260,2015
676264,2015
676265,2015
676533,2015
676534,2015
676535,2015
676536,2015
676538,2015
676539,2015
676540,2015
676541,2015
676542,2015
676543,2015
676898,2015
676900,2015
678033,2015
678034,2015
678035,2015
678118,2015
678119,2015
678132,2015
678304,2015
678305,2015
678306,2015
678307,2015
678308,2015
678309,2015
678310,2015
678583,2015
678584,2015
678878,2015
678879,2015
678880,2015
678881,2015
679178,2015
681205,2015
681208,2015
681211,2015
681212,2015
681214,2015
681215,2015
681216,2015
681217,2015
681218,2015
681219,2015
681220,2015
681221,2015
681222,2015
681223,2015
681224,2015
681225,2015
681227,2015
681289,2015
681544,2015
681545,2015
681546,2015
681547,2015
681839,2015
681840,2015
681841,2015
682237,2015
682238,2015
682239,2015
682240,2015
682494,2015
682528,2015
683008,2015
683010,2015
683012,2015
683307,2015
683308,2015
683309,2015
683311,2015
683312,2015
683313,2015
683314,2015
683315,2015
683580,2015
683581,2015
683583,2015
684006,2015
684007,2015
684310,2015
684311,2015
684312,2015
684313,2015
684782,2015
684783,2015
684785,2015
684787,2015
684789,2015
684790,2015
685198,2015
685200,2015
685201,2015
685203,2015
685206,2015
685207,2015
685209,2015
685280,2015
685661,2015
685662,2015
685664,2015
686090,2015
686209,2015
566663,2014
569215,2014
571987,2014
587200,2014
592908,2014
592909,2014
594314,2014
594317,2014
595467,2014
595496,2014
595497,2014
595499,2014
595500,2014
601256,2014
601258,2014
601259,2014
601261,2014
601265,2014
614791,2014
614794,2014
614796,2014
614797,2014
614799,2014
614800,2014
614817,2014
621193,2015
621194,2015
621195,2015
621196,2015
621197,2015
623632,2015
643548,2015
643549,2015
651390,2015
651391,2015
651393,2015
651394,2015
651395,2015
651396,2015
653620,2015
655091,2015
655092,2015
655094,2015
661241,2015
661242,2015
661243,2015
661588,2015
664217,2015
667596,2015
668911,2015
670043,2015
670044,2015
670045,2015
670048,2015
670049,2015
670050,2015
676323,2015
680004,2015
680005,2015
680638,2015
680639,2015
680640,2015
680641,2015
680642,2015
687549,2015
260142,2012
566503,2014
585954,2014
594325,2014
596582,2014
598936,2014
605489,2014
611027,2014
611033,2014
611034,2014
611035,2014
611036,2014
611038,2014
611039,2014
614727,2014
614728,2014
614729,2014
617138,2015
619723,2015
621199,2015
643520,2015
643539,2015
643540,2015
643541,2015
643542,2015
643543,2015
651397,2015
654213,2015
655101,2015
655958,2015
658082,2015
660511,2015
661213,2015
661237,2015
661238,2015
661239,2015
661589,2015
661591,2015
668918,2015
670052,2015
670053,2015
670054,2015
670057,2015
670058,2015
670401,2015
679052,2015
679962,2015
680020,2015
680111,2015
680647,2015
687554,2015
498472,2014
498477,2014
545482,2014
571998,2014
575473,2014
583662,2014
592612,2014
592918,2014
592960,2014
600817,2014
600818,2014
600819,2014
601272,2014
601273,2014
601600,2014
614712,2014
614715,2014
614722,2014
614723,2014
614725,2014
614737,2014
619784,2015
621200,2015
621209,2015
621248,2015
627469,2014
639783,2015
643554,2015
643555,2015
643556,2015
643618,2015
646486,2015
648999,2015
649001,2015
651406,2015
651408,2015
651473,2015
651484,2015
651875,2015
651886,2015
654210,2015
654211,2015
654212,2015
655096,2015
655098,2015
658080,2015
658757,2015
660030,2015
660634,2015
661255,2015
661256,2015
661257,2015
663331,2015
667358,2015
668916,2015
668927,2015
670064,2015
670120,2015
676324,2015
676325,2015
680002,2015
680003,2015
680107,2015
680648,2015
680649,2015
683174,2015
687078,2015
569219,2014
572006,2014
585966,2014
591553,2014
592911,2014
594334,2014
594336,2014
595505,2014
595506,2014
595507,2014
601276,2014
601278,2014
614805,2014
614808,2014
614810,2014
621198,2015
643546,2015
643547,2015
651403,2015
651405,2015
651888,2015
654214,2015
655100,2014
655117,2015
655957,2015
661245,2014
661246,2015
661247,2015
661248,2015
661249,2015
661250,2015
661251,2015
661253,2015
661254,2015
661583,2015
661585,2015
667590,2015
668871,2015
668872,2015
670060,2015
670061,2015
670062,2015
670402,2015
676327,2015
676328,2015
676329,2015
676330,2015
676331,2015
676332,2015
676333,2015
676334,2015
678116,2015
680007,2015
680008,2015
680009,2015
680010,2015
680636,2015
680643,2015
680644,2015
680645,2015
680646,2015
546828,2014
594343,2014
594345,2014
614812,2014
614814,2014
624055,2015
643552,2015
643553,2015
651504,2015
658081,2015
668873,2015
670063,2015
676326,2015
678129,2015
680011,2015
