EE UID,Client ID,ZC
623082,1096,27707
822088,1096,27344
929921,1096,27703
943804,1097,20032
818207,1555,27703
865978,1555,27703
715037,1616,27407
700819,2024,27107
632575,2054,60661
640464,2054,60661
644512,2054,60661
647422,2054,60661
661238,2054,60661
687554,2054,60661
694556,2054,60661
699106,2054,60661
760152,2054,60661
774738,2054,60661
775266,2054,60661
782257,2054,60661
796826,2054,60661
809831,2054,60661
881398,2054,60661
886550,2054,60661
893118,2054,60661
930240,2054,60661
966960,2054,60661
1010552,2054,60661
1052079,2054,60661
1071205,2054,60661
1066415,2123,27703
722732,2142,27701
737183,2142,27701
778436,2142,27701
697295,2416,27401
701405,2416,27401
759111,2416,27401
970042,2458,27703
1000182,2458,27703
1008681,2458,27703
1053523,2465,27701
690938,3953,28212
828725,4064,28203
828261,4201,27405
934537,4347,27406
810099,4828,27260
1067673,4828,27260
683312,6597,27401
1057612,6936,28206
664694,8104,27701
666519,8104,27701
861488,8104,27713
1045754,9273,30088
640466,9300,12206
842303,9647,27215
850142,9647,27215
781731,9728,27703
784213,9728,27703
613707,10107,27707
636482,10107,27707
674651,10107,27707
683008,10107,27707
684311,10107,27707
688737,10107,27707
849114,10107,27701
885803,10107,27701
898758,10107,27701
614723,10619,27701
701694,10619,27701
904893,11625,27704
948692,11625,27704
992205,11625,27704
989385,15513,27703
708114,16664,27701
1068840,18645,28147
1045854,19229,27705
1029541,19369,27675
712394,19712,27705
722896,19712,27705
720677,19938,27405
732740,19938,27405
766427,19938,27405
769741,19938,27405
907025,21247,28083
1019670,26624,27703
1019671,26625,27707
759647,26790,27707
1070637,27655,27253
959457,28079,27703
979312,28079,27703
673345,65139,27701
696967,65139,27701
724936,65139,27701
840264,65139,27701
681225,65851,27701
689316,65851,27701
724921,66668,27603
1066729,66668,27603
774739,67161,27217
776633,67161,27217
831597,67408,27603
674922,67950,27703
675602,67950,27703
758228,67984,27101
759105,67984,27101
769759,67984,27101
832171,67984,27703
834964,67984,27703
852470,67984,27703
861489,67984,27703
883510,67984,27703
907968,67984,27703
956361,67984,27703
1013866,67984,27703
1027730,67984,27703
1057341,68560,27703
704492,70856,27701
735026,70856,27701
748087,70856,27701
750462,70856,27701
816224,71472,27406
864492,72612,27702
872630,72612,27702
879755,72612,27702
858329,73679,27217
859700,73827,27704
1060304,75599,27407
1068986,75599,27407
1070264,75599,27407
656726,75600,27703
724938,75600,27701
732745,75600,27701
759101,75600,27701
789560,75600,27701
877298,75600,27701
922617,75600,27703
940055,75600,27703
1070916,75972,27401
691805,76511,27707
741712,76511,27707
766030,76511,27707
769753,76511,27707
774475,76511,27707
821899,76511,27707
867597,76511,27707
929576,81173,27514
932112,81173,27514
972464,81173,27514
980277,81173,27514
936281,81556,25301
897386,82223,20019
674924,82986,27803
1039490,83059,27703
1066383,83289,27610
614728,84223,27406
616712,84223,27406
646486,84223,27406
727136,84223,27701
864485,84223,27701
916062,86177,27701
943809,86177,27701
1045848,86177,27701
693540,88282,27701
904897,88294,27705
984098,88294,27703
691806,90711,27401
696978,90711,27401
712337,90711,27401
1074006,91355,27516
796216,92773,27302
1051295,93176,24012
710183,95125,27701
720120,95125,27701
649827,96427,27601
656685,96427,27601
997325,96440,27703
791708,97518,27701
794249,97518,27701
1034287,97855,27360
935466,98566,27703
903458,98579,27604
978808,98579,27604
818791,100388,27253
793903,100946,27701
805892,100946,27701
885800,100946,27701
678306,103533,27701
683580,103533,27751
689736,103533,27751
729555,103533,27751
752493,103533,27751
766429,103533,27751
955134,103533,27703
813824,103591,27707
853067,103591,27701
787084,104087,27701
792474,104087,27701
797912,104087,27701
827006,104087,27701
834957,104087,27701
878143,104087,27701
906404,104087,27701
1040177,104087,27705
1065561,104087,27705
1067224,104087,27705
661538,104784,27701
686209,106155,27701
688833,106155,27701
747616,106155,27701
779737,106155,27701
925617,106490,27701
705401,106968,44320
957126,106968,27713
1072067,106968,27713
1074179,106968,27713
649299,108279,27705
766421,108279,27705
771854,108279,27705
775644,108279,27705
779002,108279,27705
789569,108279,27705
710284,108806,27703
612010,109242,27401
683307,109426,27406
766423,109426,27705
799464,109426,27705
894313,109426,27705
1064094,109426,27705
1074277,109426,27705
1074280,109426,27705
763989,110192,20216
993451,110517,27703
888739,110903,27701
903465,110973,27703
928016,110973,27703
1013815,110973,27703
657030,111217,75632
658081,111217,75632
717847,111217,75632
792476,112251,28052
872628,113217,27408
1071364,113675,27215
712340,115069,27565
917602,115069,27565
817694,115082,27101
925366,117195,27514
831600,118116,27707
984097,118116,27707
992193,118116,27707
972472,118982,27212
881392,120098,27707
906671,120098,27707
864484,120580,27572
1064416,120580,27707
934846,120778,27703
833873,123044,27704
827777,123118,28206
645430,123122,27510
658082,123122,27510
687905,123122,27510
690106,123122,27510
692557,123122,27510
705120,123122,27510
735620,123122,27510
766816,123122,27510
779090,123122,27510
780507,123122,27510
791693,123122,27510
919193,123122,27701
641921,123153,27510
643541,123153,27510
694236,123882,27701
700478,123882,27701
899696,123882,27701
906410,123882,27701
1059078,123882,27701
955418,124181,27401
970893,124181,27401
612380,124396,27707
598786,124639,27703
742981,124639,27704
885805,124639,27704
1012827,124639,27704
692903,124817,27701
748081,124817,27701
759646,124817,27701
774473,124817,27701
778984,124817,27701
779402,124817,27701
780028,124817,27701
781724,124817,27701
782249,124817,27701
783361,124817,27701
800472,124817,27701
876041,124817,27701
878522,124817,27701
882031,124817,27701
886921,124817,27701
899693,124817,27701
902255,124817,27701
653601,125102,27896
773676,127418,27705
776047,127418,27705
795469,127752,27701
859134,127847,27701
867026,127847,27701
885795,127847,27701
938892,127847,27701
688785,128049,23321
847216,128052,27701
858685,128052,27701
895261,128052,27701
720680,128245,27701
989388,128375,27703
681839,129280,27701
697602,129280,27701
702519,129280,27701
704110,129280,27701
777445,129338,27217
980188,129786,27703
996131,129902,27701
977071,130013,27262
671325,130335,29033
679962,130335,29033
687902,130335,29033
707694,130335,29033
715052,130335,29033
717761,130335,29033
778987,130671,27616
786018,130671,27616
789545,130671,27616
790369,130671,27616
913248,130671,27616
960543,130671,27703
982660,130671,27703
1070284,130847,27701
748089,130920,27701
753994,130920,27701
844235,130920,27705
919173,130920,27701
656722,133211,27368
766412,133240,27516
720402,133362,27705
1035658,133428,27704
1068111,133428,27704
1067453,133431,27701
1064413,133726,27701
887168,133728,27601
970044,134851,27516
976463,134851,27516
585954,134975,27701
1070511,135019,27409
1073604,135019,27409
640467,135062,27701
643618,135062,27701
855489,135107,14303
856964,135107,14303
750961,135866,29481
639062,136239,27701
771859,136239,27701
786421,136239,27701
696972,139131,27701
706828,139131,27701
721221,139131,27701
729573,139570,27701
844243,140006,28312
834956,140619,27530
742363,141942,27701
836186,141979,27704
743431,142304,27701
748510,142304,27701
752495,142304,27701
614725,143061,28401
688572,143061,28401
697301,143061,28401
700828,143061,28401
702196,143061,28401
707690,143061,28401
720688,143061,28401
736614,143061,28401
756765,143061,28401
1003962,143061,28401
868159,143273,28412
872641,143273,28412
884923,143273,28412
891236,143273,28412
984040,143273,27703
992196,143273,27703
1001105,143273,27703
1072525,143887,27514
1022190,145480,28301
1048543,145480,28301
736615,146403,27516
955118,147114,27703
783358,147927,28409
792477,147927,28409
874614,147927,28401
1032705,147955,27701
721223,149513,27704
722737,149513,27704
1064816,149513,27707
816563,151291,27701
923146,152288,27713
627328,152503,27302
636483,152503,27302
651393,152503,27302
1019084,152503,27302
650855,153324,27701
655101,153324,27701
669612,153324,27701
673346,153324,27701
764410,153324,27703
765102,153324,27703
780847,153324,27703
789998,153324,27703
793895,153324,27703
803541,153324,27703
903466,153324,27703
926848,153324,27703
981451,153907,93638
759753,154359,27701
760782,154406,27701
766430,154785,27516
780510,154785,27516
756282,156733,27710
615308,156978,27705
651405,156978,27705
688427,156978,27705
706443,156978,27705
814226,156978,27713
691022,157088,27703
707699,157088,27703
747617,157088,27703
886545,157125,27704
888431,157125,27704
776045,157126,27707
777443,157126,27707
809136,157126,27707
663498,157272,27707
681840,157272,27707
690621,157272,27707
697298,157272,27707
797900,157272,27707
771600,157422,28423
779403,157422,28423
789546,157422,28423
793898,157422,28423
805891,157422,28423
810813,157422,28423
818064,157422,28423
824627,157422,28423
888419,157427,27703
913927,157439,27701
691807,157473,27701
617943,157529,27701
623549,157529,27701
635375,157529,27701
645436,158174,27610
656690,158174,27610
601265,158414,27701
656695,158414,27701
668871,158414,27701
688368,158414,27701
993165,158605,27703
712095,158745,27701
736617,158745,27701
786427,158745,27701
723222,158747,27704
592911,158753,27702
818792,158753,27707
666521,158776,27834
680648,158776,27834
731059,158981,27705
731060,158981,27705
731061,158981,27705
735539,158981,27705
741109,158981,27705
748086,158981,27705
764786,158981,27705
781176,158981,27705
845315,158981,27705
715454,158986,27704
720854,158986,27704
730087,158986,27704
735053,158986,27704
769751,159179,27701
1021143,159188,27713
1067700,159188,27713
919169,159368,27701
773679,159422,27601
777442,159422,27601
779736,159422,27601
615307,159852,27701
617352,159852,27701
636889,159852,27701
663783,159852,27701
1069546,159852,27703
615305,160297,27701
627794,160297,27701
716841,160297,27701
722730,160297,27701
723218,160297,27701
744634,160297,27701
759112,160297,27701
780506,160297,27701
784910,160297,27701
786728,160297,27701
790001,160297,27701
795796,160297,27701
803537,160297,27701
829961,160297,27701
934847,160297,27701
782248,160302,27701
795793,160302,27701
863782,160302,27705
872612,160302,27705
876931,160302,27705
753985,160327,27701
691023,160586,27701
733697,160758,27801
756768,160758,27801
758222,160758,27801
764784,160758,27801
771860,160758,27801
784676,160758,27801
787375,160758,27701
829859,160758,27701
847558,160758,27701
885797,160758,27701
894310,160758,27701
896767,160758,27701
977814,160758,27701
989662,160758,27701
704494,160833,27701
700881,160859,27701
704489,160859,27701
913642,160957,27707
950567,160957,27707
1053812,160957,27707
724952,161111,27703
750973,161111,27703
764406,161111,27703
794622,161265,27707
820283,161265,27703
832182,161265,27703
910638,161265,27703
971998,161265,27701
956752,161760,27707
940734,162032,27703
973611,162032,27703
753987,162076,27705
780846,162076,27705
1064795,162085,27707
1063999,162560,27606
968170,162631,27701
706446,162677,27703
704493,162748,27701
797909,163516,27105
809139,163516,27105
735031,163753,27703
739652,163753,27703
741113,163753,27703
745107,163753,27703
867021,163753,27703
867645,163753,27703
885208,163753,27703
1032697,163753,27703
795795,163770,27704
620107,163802,28390
792140,164096,27253
707691,164121,27707
710177,164121,27707
769756,164121,27707
779008,164121,27707
789557,164121,27707
805886,164121,27707
706447,164357,27705
850457,164357,27589
971162,164980,27703
755455,165060,27703
766031,165060,27703
790373,165623,27704
873155,165623,27704
1053544,165623,27704
1069398,165623,27704
641457,165730,27533
660511,165730,27533
687909,165730,27533
702784,165730,27533
974120,165730,27703
992195,165730,27703
1004379,166240,27703
1074322,166411,27616
651875,166457,27610
688503,166457,27610
773843,166457,27701
778988,166457,27701
786021,166457,27701
982959,166964,27703
989700,166964,27703
759122,167032,27701
883515,167032,27701
660546,167253,27713
720857,167253,27702
722047,167253,27702
689728,167279,27707
748091,167279,27701
759656,167279,27701
1072787,167279,27701
614712,167439,27701
644989,167439,27701
651886,167439,27701
660255,167439,27701
683314,167439,27701
688740,167439,27701
700013,167439,27701
832186,167439,27701
879754,167439,27701
968174,167781,32805
1060315,167802,27705
1070135,167802,27705
700815,167827,27701
700486,167874,27703
656721,167911,27702
664327,167911,27702
685206,167911,27702
688752,167911,27702
1050324,167911,27608
897889,167933,27703
904660,167933,27703
605489,168290,27603
687904,168290,27603
754501,168290,27603
767179,168290,27603
1073370,168290,27603
704495,168456,27701
710169,168456,27701
722880,168456,27701
833373,168456,27701
872634,168456,27701
879759,168456,27701
928904,168456,27701
1042228,168456,27701
1068662,168456,27701
917008,168634,27703
982431,168634,27703
797908,168637,27701
824624,168637,27701
891237,168637,27705
938242,168637,27705
976493,168637,27705
1071988,168637,27705
835078,168762,27701
907022,168762,27701
916057,168762,27701
702511,168881,27701
826155,169008,27606
891644,169008,27606
892754,169008,27606
902800,169008,27606
1057344,169182,27615
1064426,169182,27615
689314,169422,27701
705893,169422,27701
723221,169422,27701
732746,169422,27701
744626,169422,27701
746156,169422,27701
766028,169422,27701
785214,169422,27701
872636,169422,27701
1045855,169422,27701
1064418,169422,27701
883260,169426,27705
545482,169442,27701
937191,169498,27703
688803,169662,27609
696979,169662,27609
878888,169777,27603
1018979,170277,27616
1070105,170314,27101
629541,171132,27606
632114,171132,27606
632134,171132,27606
888899,171340,27704
709790,171435,23608
601272,171448,27707
663198,171448,27707
667358,171448,27707
702193,171448,27707
759110,171448,27707
971160,171448,27707
1012814,171448,27707
1068659,171448,27707
781177,171461,27702
674928,171739,27702
680003,171739,27702
887455,171770,27707
681211,172032,27704
694554,172032,27704
735019,172032,27704
811680,172032,27704
814227,172032,27704
863778,172032,27703
1020009,172032,27701
1035254,172032,27701
1070265,172032,27701
1072068,172032,27701
999161,172045,27701
699098,172046,27701
732751,172046,27701
739650,172060,27603
842306,172060,27603
662526,172231,27707
662527,172231,27707
920779,172313,27701
925099,172313,27701
700480,172434,27606
749223,172434,27606
760151,172434,27606
779731,172434,27606
1050329,172490,27703
627327,172627,27591
684007,172627,27591
1037989,172651,27893
825028,172759,76119
678879,172864,27703
688813,172864,27703
792475,172864,27703
810816,172866,27403
814228,172866,27403
826154,172866,27403
855970,172866,27403
922018,172866,27703
925358,172866,27703
935467,172866,27703
991783,172866,27703
630058,172878,27707
643546,172878,27707
1068653,172878,27707
970041,173408,27703
907026,173477,27701
966955,173479,27703
661202,173498,27707
1011456,173608,27701
614800,173737,27701
623632,173737,27701
688832,173737,27701
722759,173737,27701
759124,173737,27701
844242,174666,28306
849846,174666,28306
868073,174666,28306
855479,174737,27707
766437,174801,27704
978817,174807,27704
632128,174808,27701
696968,174808,27701
700488,174808,27701
979316,174821,27603
621225,174922,27409
873172,175165,27263
663785,175198,27524
669601,175198,27524
670063,175198,27524
705118,175495,27701
747606,175495,27701
946510,175551,27707
956360,175551,27707
840535,175565,27713
930163,175565,27713
1027798,175579,27703
1038467,175579,27703
642414,175581,27231
644987,175581,27231
685207,175581,27231
676264,175598,28311
680002,175598,28311
705912,175598,27701
773684,175788,27701
776384,175788,27701
780857,175788,27701
708116,175854,27701
849955,175854,27701
907110,175854,27701
1068864,175906,27703
710907,176580,27856
712342,176580,27856
724948,176580,27856
753379,176580,27856
766038,176580,27856
821901,176580,27707
979595,176580,27707
1038460,176580,27707
1072771,176719,27610
813443,177186,27703
909404,177187,27703
929919,177187,27703
1045752,177187,27703
934949,177232,27704
723226,177283,27704
726085,177283,27704
742846,177283,27704
748511,177283,27704
751515,177283,27704
754502,177283,27704
759645,177283,27704
763944,177283,27704
1048541,177392,27707
721222,177647,27516
738620,177647,27516
666517,177671,27704
906106,177751,27526
927369,177751,27526
660048,177800,27701
662242,177800,27701
667161,177800,27701
682238,177800,27701
932554,177800,27701
748092,177865,27710
775665,177865,27710
872632,178161,27260
897798,178324,27703
898766,178324,27703
922620,178324,27703
925621,178445,27703
620242,178516,27707
643520,178516,27707
1002944,178687,27215
789533,178701,27707
789559,178701,27707
837834,178701,27707
1005764,178760,27701
955919,179356,27712
1011511,179356,27712
824631,179707,27701
724931,179960,27703
727149,179960,27703
733249,179960,27703
750457,179960,27703
728080,179965,27701
741706,179965,27701
771858,179965,27701
793904,179965,27701
776632,180107,27701
692908,180383,27701
699712,180383,27701
784913,180383,27701
786016,180383,27701
828255,180383,27701
882172,180383,27701
885200,180383,27701
1073908,180564,27601
670879,180697,27701
963969,180890,29512
811683,180947,28602
849517,180947,28602
1039488,181032,27603
1060837,181032,27603
1065563,181032,27603
1065221,181293,27701
1069249,181293,27701
786019,181610,27701
793902,181610,27701
797903,181610,27701
807401,181610,27701
770104,181716,27530
770123,181716,27530
772607,181716,27530
773357,181716,27530
775265,181716,27530
778999,181716,27530
672590,181734,27893
674653,181734,27893
675603,181734,27893
688723,181734,27893
693538,181734,27893
696976,181734,27893
828035,182976,27704
909732,182976,27704
913922,182976,27704
741112,183057,27701
626114,183537,27701
673351,183537,27701
735537,183537,27701
805446,183537,27701
885202,183537,27701
896144,183537,27701
916058,183537,27704
922618,183537,27704
931513,183537,27704
988816,183537,27703
905186,183775,27704
999717,183775,27704
906107,183776,27704
927074,183776,27704
946504,183776,27704
701100,183882,27330
919184,183992,27701
927357,183992,27701
974119,184122,27703
959461,184123,27703
694234,184306,27701
782242,184448,19119
744629,184737,27703
910940,184737,27703
755453,184832,27705
809417,184832,27705
907242,184832,27401
921103,184832,27401
956748,184832,27703
987100,184832,27703
1040644,184832,27703
873150,184846,27603
712410,185048,27701
723229,185048,27701
744633,185048,27701
747608,185048,27701
750454,185048,27701
756770,185048,27701
758224,185048,27701
760150,185048,27701
678034,185069,27705
680005,185069,27705
687970,185069,27705
928237,185474,27703
635374,185494,27104
763950,185515,27701
766033,185515,27701
789556,185515,27701
789564,185515,27701
809951,185515,27701
829863,185515,27701
885798,185515,27701
1018882,185515,27704
1034431,185515,27704
888422,185850,10001
910936,186532,27603
855962,186593,28540
867062,186593,28540
886920,186593,28540
892752,186593,28540
898782,186593,28540
992194,186593,28540
896143,186698,27701
595499,187262,27701
571998,187276,27701
688532,187276,27701
835385,187276,27701
876529,187276,27701
853728,187840,27707
1045857,187841,27445
669613,188182,27707
774076,188314,27253
778204,188314,27253
720103,188395,27704
583662,188617,27889
611035,188933,27703
687903,188933,27703
699105,188933,27703
708125,188933,27703
722845,188933,27703
730086,188933,27703
732757,188933,27703
733700,188933,27703
736616,188933,27703
756782,188933,27703
629532,189093,28305
1069534,189102,27704
855969,189803,28540
867063,189803,28540
889176,189803,28540
898769,189803,28540
992174,189803,28540
1064387,190006,27603
897639,190363,27565
633154,190505,27105
639783,190505,27105
648853,190505,27105
681220,190642,27701
681546,190642,27701
684310,190642,27701
691589,190642,27701
729572,190642,27701
736094,190642,27701
921539,190705,28311
658449,190759,27701
660030,190759,27701
688562,190759,27701
812451,190771,27834
1073262,191565,27707
789544,191960,27701
1062943,191960,27704
626118,192021,27606
632121,192021,27606
641914,192021,27606
643540,192021,27606
817844,192056,27603
885198,192790,27701
904262,192790,27701
1003214,192790,27701
728073,192832,27703
614799,193575,28401
878890,193575,28401
881393,193575,27704
774073,193592,28216
777094,193592,28216
780034,193592,28216
813444,193592,28216
819512,193592,28216
823823,193592,28216
714070,193887,27705
713964,193888,28401
765409,193888,28401
805440,194140,11233
796217,194645,28677
825032,194645,28677
1021148,194712,27707
1047725,194712,27707
799109,194756,27701
861487,194756,27713
912574,194756,27713
982661,194756,27713
988818,194756,27713
1043238,194756,27713
657969,194795,27105
664921,194795,27105
743429,194795,27705
749584,194795,27705
864491,194795,27705
638559,194903,27712
651487,194903,27712
657051,194903,27712
690620,194903,27712
893704,194903,27603
895259,194903,27603
982955,194903,27603
1059580,194903,27603
1068647,194903,27701
606994,194922,27605
809858,195264,27701
683174,195489,27704
688571,195489,27704
717760,195489,27704
860128,195489,27703
885811,195489,27703
906669,195489,27703
928243,195489,27703
956750,195489,27703
978012,195489,27703
657408,195629,27707
664927,195629,27707
644982,195816,27707
656719,195816,27707
623545,196082,27703
638549,196082,27703
706437,196082,27703
711942,196082,27703
722734,196082,27703
723223,196082,27703
753366,196082,27703
758221,196082,27703
781722,196082,27703
803542,196082,27703
816218,196082,27703
1073866,196342,27701
897388,196391,32209
861034,196740,28205
907243,196740,28205
968176,196740,28205
985708,196740,27701
756762,197176,27701
778998,197176,27701
787080,197176,27701
794248,197176,27701
797382,197176,27701
825031,197176,27701
1021133,197176,27882
1027774,197176,27882
1045846,197176,27882
656708,197232,27704
665808,197232,27704
720405,197232,27713
732744,197232,27713
750959,197232,27713
756761,197232,27713
766416,197232,27713
779004,197232,27713
865980,197232,27713
623079,197342,27707
681544,197342,27707
805444,197562,27401
840536,198059,27503
933518,198059,27703
970895,198146,28373
1057346,198302,27702
1074391,198376,27707
614092,198791,27701
619641,198791,27701
634230,198791,27701
641916,198791,27701
643543,198791,27701
696966,198791,27701
711641,198791,27701
803539,198791,27701
807046,198791,27701
872629,198791,27701
883514,198791,27701
948769,198791,27701
859136,198803,27704
720124,199086,27701
722758,199086,27701
752496,199086,27701
770137,199086,27701
880118,199086,27701
702959,199190,27701
720121,199190,27701
1067229,199190,27701
595506,199296,27703
663500,199315,27615
786426,199315,27615
787086,199315,27615
787930,199315,27615
792727,199315,27615
793906,199315,27615
819517,199315,27615
880804,199315,27615
970897,199637,27574
850451,199701,27703
865983,199701,27703
712693,200300,27705
735040,200300,27705
763943,200300,27705
777432,200300,27705
968171,200300,27713
1002909,200300,27713
769746,200387,27701
779009,200387,27701
785220,200387,27701
793899,200387,27701
803534,200387,27701
897056,200622,28607
612008,200794,27705
619638,200794,27705
623161,200794,27705
738627,200794,27516
748090,200794,27516
756756,200794,27516
764783,200794,27516
765407,200794,27516
767492,200794,27701
816216,200794,27701
832184,200794,27701
858330,200794,27701
876046,200794,27701
1018881,200794,27705
790000,201545,27703
888423,201545,27703
656723,201818,27601
975494,201868,27707
996129,202524,27603
1059085,202524,27603
611033,202759,27701
665225,202759,27701
670054,202759,27701
678309,202759,27701
710278,202759,27701
715040,202759,27701
805438,202759,27701
847062,202759,27701
855967,202759,27701
810127,203189,27707
813440,203189,27707
675308,203783,27701
683309,203783,27701
688750,203783,27701
613709,204290,27701
621199,204290,27701
1005316,204290,27707
1059577,204290,27707
705402,204335,27701
895854,204335,27703
987120,204335,27703
1014935,204770,27705
1059068,204770,27705
1067701,205139,30014
910943,205165,27701
1000079,205664,27703
1068846,205865,27701
1069526,205865,27701
710182,206445,27701
711645,206445,27701
712977,206445,27701
741720,206445,27701
744636,206445,27701
852466,206895,27506
845703,207502,27707
861900,207506,27701
928239,207506,27701
601276,207787,06604
647911,207787,06604
690941,207787,06604
873157,208057,27701
892253,208057,27701
896146,208057,27701
1073634,208457,27508
851394,208659,27704
602692,208663,45418
658968,208663,45418
685203,208663,45418
688726,208663,45418
898283,208782,27577
601258,209331,27707
735042,209331,27701
766419,209331,27701
779005,209331,27701
784577,209331,27701
832179,209331,27701
946517,209331,27701
1057957,209331,27701
1070136,209331,27701
1059655,209444,20019
611036,210475,27713
692913,210475,27713
728077,210601,27217
925613,210601,27217
620594,211088,27610
632118,211088,27610
747604,211088,27610
849842,211651,27701
906097,211651,27701
847564,211950,27701
987257,211998,27713
1072719,212637,27258
1071036,212660,27707
575473,212916,27701
713677,213032,27701
667947,213268,27703
807397,213477,27713
822073,213477,27713
770711,213769,27701
665566,214022,27701
680107,214022,27701
692156,214022,27701
697958,214022,27701
730626,214022,27701
764409,214022,27701
769754,214022,27701
808051,214022,27701
891240,214111,27611
708507,214194,40507
710180,214194,40507
982630,214669,27701
1021139,214669,27701
969799,214680,27703
1061441,214680,27703
847557,215048,27703
867016,215048,27703
872626,215048,27703
681224,215080,27703
816217,215080,27707
821699,215080,27707
828253,215080,27707
845122,215080,27707
1042207,215080,27707
865497,215248,27704
611589,215484,27704
636888,215484,27704
930772,215484,27530
1064663,215700,27707
904012,215739,27704
916115,215739,27704
614094,216474,27713
626111,216474,27713
629554,216474,27713
641456,216474,27713
704496,216474,27701
711943,216474,27701
775364,216598,27701
789563,216598,27701
852467,216598,27701
854262,216598,27701
1000187,216598,27701
898767,216784,27707
1004524,216784,27707
956749,216909,27703
977055,217041,27701
611039,217257,27707
633601,217257,27707
639061,217257,27707
647419,217257,27707
1066716,217257,27707
765101,217339,27506
775260,217339,27506
727138,217579,27601
759636,217579,27601
794629,217579,27601
708126,217775,27701
896492,217775,27701
1001743,217790,27707
601600,217836,27701
688561,217836,27701
713528,217907,27702
867014,217907,27702
732759,218041,28328
823824,218041,28328
881395,218041,28328
919186,218041,28328
1022684,218041,27713
1065381,218041,27713
704108,218081,27701
712335,218081,27701
750957,218081,27703
853068,218081,27703
861486,218081,27701
906409,218081,27701
988817,218081,27701
946501,218168,27537
632572,218171,27713
979313,218475,27703
882511,218489,27704
1025422,218579,27703
1052076,218579,27703
670120,219320,27405
661926,219392,27704
668916,219392,27704
688505,219392,27704
696389,219392,27704
641920,219636,27701
647417,219636,27701
647425,219636,27701
662243,219636,27701
752026,219636,27703
764411,219636,27703
921104,219636,27703
940732,219671,27703
950218,219671,27703
979439,219671,27703
984122,219671,27703
697303,219979,27707
996705,220296,27703
1005765,220296,27703
636384,220580,27701
674652,220580,27701
1050327,220580,27604
834954,222730,27701
885799,222730,27701
906672,222730,27701
972468,222730,27701
1054168,222730,27701
1067114,222730,27701
1070855,222730,27701
698298,223222,25880
699102,223222,25880
694552,223445,27701
699096,223445,27701
710172,223445,27701
723228,223445,27701
656725,223534,27707
665224,223534,27707
747618,224194,27514
859137,224194,27514
878530,224194,27514
885504,224194,27514
898268,224194,27514
918209,224194,27514
874092,224220,27701
887167,224220,27701
893418,224220,27701
920475,224220,27701
929608,224220,27701
933808,224220,27701
673349,224787,27705
676333,224787,27705
688408,224787,27705
849112,224787,27705
868989,224787,27705
569219,225552,27701
678583,225552,27701
680644,225552,27701
688410,225552,27701
812871,225552,27701
914719,226049,28337
789562,226558,27302
813439,226558,27302
835386,226914,27603
855478,226914,27603
766027,227678,27701
766435,227678,27701
784578,227678,27701
814224,227678,27701
819869,227678,27701
851397,227678,27701
859604,227678,27701
872614,227678,27701
914720,227678,27703
925098,227678,27703
1064793,227732,27703
1067116,227732,27703
873650,227895,27701
596582,228375,27536
861035,228541,27549
950305,228541,27701
657407,228845,28306
660854,228845,28306
671323,228845,28306
844231,229066,27707
912573,229066,27707
984572,229066,27707
673352,230111,27401
681216,230111,27401
990898,230119,27713
1062937,230119,27713
681221,230383,27601
639554,230675,27704
853275,230912,27610
907118,231095,27703
712399,231198,27701
720117,231198,27701
722746,231198,27701
724919,231198,27701
973614,231198,27705
689741,231530,27707
689745,231530,27707
697957,231530,27707
702192,231530,27707
708119,231530,27707
722043,231530,27707
742881,231530,27707
756283,231530,27707
767494,231530,27707
260142,231922,27704
833387,232698,27704
842311,232921,27707
1073507,233199,27604
626108,233609,27705
650853,233609,27705
658700,233609,27705
810812,233619,27713
907116,233619,27713
910024,233619,27701
724937,248566,27703
769760,248566,27703
779006,248566,27703
808048,248566,27703
902531,248566,27703
656684,248846,27701
1064053,248984,27707
629533,248988,22015
635371,248988,22015
638546,248988,22015
639060,248988,22015
706435,249417,27701
781723,249545,27603
805442,249912,27705
813442,249912,27705
932552,249912,27712
998306,249912,27712
1024571,249912,27712
805437,249916,27704
898781,249916,27704
901948,249916,27704
908510,249916,27704
732737,250273,27701
662524,251084,23518
670052,251084,23518
601261,251488,27707
668914,251488,27707
670049,251488,27707
688352,251488,27707
779735,251488,27707
867602,251488,27707
976470,251488,27707
1012817,251488,27707
833376,251996,27707
966359,252004,27701
774743,252170,19144
778205,252170,19144
787935,252170,19144
789568,252170,19144
802321,252170,19144
1004377,252170,27703
992372,252667,27703
676541,252732,28390
702955,252732,27701
705906,252732,27701
711644,252732,27701
1068978,252870,27707
688784,253473,55412
834967,254204,27406
611585,254217,27707
654212,254217,27707
835383,254217,27707
685201,254693,27701
763945,254693,27701
989687,254705,27701
626117,254842,27707
665834,255702,21229
977049,256214,27603
986252,256214,27603
1002639,256214,27603
765103,256529,27701
769739,256529,27701
815985,256529,27701
827010,256529,27701
832180,256529,27701
836184,256529,27701
739170,257407,27105
988680,257614,27703
1026170,257614,27707
700820,257677,27701
706829,257677,27701
710905,257677,27701
711949,257677,27701
716845,257677,27701
722733,257677,27701
723227,257677,27701
732739,257677,27701
744630,257677,27701
784581,257677,27701
711952,258810,27707
770717,258810,27707
773362,258810,27707
777791,258810,27707
780035,258810,27707
789566,258810,27707
973615,258810,27703
1059573,258810,27703
928241,258992,27701
1020259,259367,27707
1051981,259367,27707
722839,260147,27604
984038,260878,27705
766432,261739,27703
774478,261739,27703
776053,261739,27703
779010,261739,27703
780855,261739,27703
784907,261739,27703
673354,263061,29446
712692,263061,29446
715038,263061,29446
720105,263061,29446
724940,263061,29446
729558,263061,29446
612379,263881,32578
926546,264105,27703
903469,264620,27701
1007058,265171,27703
792724,265327,27713
806597,265327,27713
1020014,265327,11236
1060852,265327,27701
867642,265379,27109
878144,265379,28166
906408,265504,27709
753991,265976,79901
980189,266249,27703
759644,266721,27536
769742,266721,27536
772878,266721,27536
777494,266721,27536
789553,266721,27536
793910,266721,27536
1060310,266721,27536
676536,267123,27705
681212,267123,27705
787931,267315,27586
1027597,267503,27705
724928,267960,27704
726087,267960,27704
727677,267960,27704
818996,267960,27601
833381,267960,27601
1065999,267960,27514
1022186,268176,28561
750958,268404,27701
910025,268404,27701
1059600,268404,27701
888735,270571,27701
921102,270571,27701
982430,270571,27701
615306,270572,27574
641462,270573,27707
809958,270573,27707
1001476,270573,27707
636378,271159,27601
693539,271159,27601
724943,271159,27601
724944,271159,27601
740145,271159,27601
777438,271159,27601
782580,271159,27601
789535,271159,27601
873156,271159,27601
956746,271290,27704
976468,271290,27704
600817,271781,27603
703607,271781,27603
1068961,272179,27701
1069557,272179,27701
699713,272366,27701
617944,272499,27516
966709,272559,29574
692163,273104,27615
728082,273519,27707
779045,273519,27707
789543,273519,27707
794953,273519,27707
977048,273661,28206
627795,273785,27101
1073016,274182,28372
739172,274376,27701
825767,274376,27701
884922,274376,27701
1018884,274376,27701
902252,274547,27703
934540,274547,27703
1003695,275228,27703
711184,275268,27701
756766,275268,27701
786028,275268,27701
702514,275690,27701
1018883,275833,27701
863781,275918,27292
867643,275918,27292
795802,276064,27406
835389,276064,27406
835388,276067,27603
904901,276087,27703
717752,276269,27707
727675,276269,27707
780509,276269,27707
781728,276269,27707
789540,276269,27707
792141,276269,27707
1071923,276625,27610
1073492,276625,27610
1073326,277444,40517
566503,277586,27616
669616,278004,27705
676329,278004,27705
688827,278004,27705
692547,278004,27705
959458,278464,27703
828256,278640,27701
1035102,279539,27701
928020,279552,37901
727146,279736,28206
611038,280121,27291
680111,280121,27291
688757,280121,27291
689733,280121,27291
701696,280121,27291
706442,280121,27291
731478,280121,27291
802319,280121,27291
810805,280121,27291
916119,280135,27713
616701,280218,27701
632116,280218,27701
691817,280218,27701
697305,280218,27701
706830,280218,27701
764400,280218,27701
784585,280218,27701
806505,280218,27701
773674,280617,27701
616710,281041,27707
656707,281041,27707
661241,281041,27707
888429,281041,27701
903467,281041,27703
752494,281119,27701
934538,281380,27406
940735,281691,27703
614089,281794,27701
626691,281794,27701
643393,281794,27701
647914,281794,27701
655117,281794,27701
660252,281794,27701
680636,281794,27701
681218,281794,27701
688780,281794,27701
847561,281794,27701
850450,281794,27701
859603,281794,27701
1026175,282698,27278
977047,283791,27701
715779,284153,27707
972002,284328,27717
1057959,284759,27401
1072608,284759,27401
671667,284920,27843
1064420,284920,27603
657406,285041,27278
566663,285066,27701
619723,285066,27701
661589,285066,27701
1023909,285164,27701
1040643,285164,27701
766037,285483,27617
770141,285483,27617
779410,285483,27617
787933,285483,27617
877302,285483,27617
913925,285806,27701
1045755,286184,27704
1068665,286184,27704
650338,286400,27701
655094,286400,27701
656698,286400,27701
810815,286400,27701
935712,286837,27613
992175,286837,27613
744635,287048,27701
750459,287048,27701
752023,287048,27701
773685,287048,27701
795798,287048,27701
803536,287048,27701
829860,287048,27701
937192,287048,27703
965058,287048,27703
973616,287048,27703
980271,287048,27703
1026171,287048,27703
1059923,287048,27703
1065391,287048,27703
1068565,287048,27703
1070378,287048,27703
860251,287255,28301
865981,287255,28301
780505,287330,27701
872627,287330,27701
982954,287330,27704
598936,287399,28227
660545,287399,28227
661591,287399,28227
668918,287399,28227
675608,287399,28227
679052,287399,28227
629560,287476,27757
832185,287618,27701
840265,287618,27701
638550,288078,27703
641459,288078,27703
653179,288078,27703
688782,288078,27703
707689,288078,27703
713692,288078,27701
895255,288078,27701
733250,288272,27703
741708,288272,27703
760777,288272,27703
783052,288272,27703
805865,288272,27703
960545,288272,27703
909401,288686,27703
1067843,288926,27704
732758,289294,27714
760780,289294,27714
770140,289294,27714
960547,289294,27714
1032689,289783,27616
657047,290184,27401
714253,290465,27701
720110,290465,27701
722745,290465,27701
759651,290465,27701
777780,290465,27701
778437,290465,27701
780027,290465,27701
732732,290964,27701
647418,290980,27707
912582,291236,27703
594343,291392,27701
687911,291392,27701
689734,291392,27705
982665,291392,27705
613699,292185,27703
638551,292185,27703
650852,292185,27703
651395,292185,27703
738621,292185,27703
742847,292185,27703
759642,292185,27703
784582,292185,27703
899692,292185,27703
901678,292185,27703
905448,292185,27703
653178,292545,27536
654435,292545,27536
1067666,293203,27703
967225,293739,27703
847560,294203,27302
867012,294203,27302
888114,294203,27302
676540,294505,27703
688797,294505,27703
693543,294505,27703
906105,294561,27703
906415,294561,27703
962218,294651,27510
828262,295069,27707
656712,296284,27701
661105,296284,27701
900409,296485,27703
903733,296485,27703
903734,296485,27703
906412,296485,27703
1055375,296485,27703
1059583,296485,27703
1069399,296485,27703
1000080,296817,27703
1011541,296817,27703
1027723,296817,27703
615304,296887,27705
621200,296887,27705
688569,296887,27705
738630,296887,27705
747603,296887,27705
823820,296887,27705
849419,296887,27705
864496,296887,27705
882696,296887,27705
908198,296887,27705
912571,296887,27705
1001099,296887,27705
1012820,296887,27705
1055325,296887,27705
1068985,296887,27705
1070471,296887,27705
1070473,296887,27705
810126,297075,27870
819868,297143,27703
675314,297470,27215
676542,297470,27215
680639,297470,27215
955127,297643,27703
660547,298245,27701
994038,298422,27703
904907,298569,27834
779014,299023,27549
699095,299695,27705
709797,299695,27705
724939,299695,27705
735978,299695,27705
747605,299695,27705
756757,299695,27705
758220,299695,27705
805893,299695,27705
613700,299942,27705
621248,299942,27705
646465,299942,27705
649001,299942,27705
692553,299942,27705
693542,299942,27705
694555,299942,27705
720114,299942,27705
729554,299942,27705
759641,299942,27705
772260,299942,27705
632136,299943,28557
739173,300220,27707
1072065,300487,27704
1073259,300487,27704
691081,300905,27603
692162,300905,27603
721227,300905,27603
735048,300905,27603
771031,300905,27603
786029,300905,27603
797394,300905,27603
781725,301121,27703
902798,301121,27703
1012822,301121,27701
952195,301301,27707
1043241,301301,27701
876044,301864,27707
928242,301864,27707
1029680,302587,27603
910941,303331,27703
931820,303331,27703
950216,303331,27703
1053515,303331,27703
721220,303935,27701
733251,303935,27701
736609,303935,27701
830143,303935,28208
1067446,304942,27707
641452,305161,27610
720095,305161,27705
772606,305161,27410
776631,305161,27410
1057342,306744,27701
956654,309393,27701
977807,309393,27701
1055927,309394,27603
669615,309651,23868
673053,309651,23868
676323,309651,23868
688363,309651,23868
803545,309677,27520
878529,311126,30340
898768,311126,30340
1066162,311220,28301
1068984,311220,28301
715392,311656,27705
669960,311660,27707
1066337,311660,27707
789547,311811,27510
759104,311921,27704
666524,312029,27701
797901,312029,27701
632571,312758,27707
745104,312758,27707
771853,312758,27707
779732,312758,27707
827310,312758,27707
849841,312758,27707
966360,312758,27707
1039650,312758,27707
1060834,312758,27707
1067225,312758,27707
1070131,312758,27707
688835,313400,27610
711187,313400,27610
626113,313697,27704
706434,313697,27704
713957,313697,27704
716842,313697,27704
651333,314056,27705
656717,314056,27705
661927,314056,27705
671665,314056,27705
676539,314056,27705
982620,314203,27516
1057783,315493,27705
685280,316159,27701
688753,316159,27701
804415,316159,27701
939502,316159,27703
927323,316160,27504
977045,316494,27603
1015894,316494,27603
728079,316734,27703
750455,316734,27703
766424,316734,27703
710224,317063,27701
816565,317063,27701
650851,317391,27701
655100,317391,27701
793901,317391,27701
796219,317391,27701
720673,317847,27704
794250,317847,27704
673638,318262,27606
674927,318262,27606
680641,318262,27606
688361,318262,27523
705119,318262,27523
764780,318262,27523
651790,318529,27712
654211,318529,27712
621698,318609,27704
933681,318721,27703
930773,318722,27603
673641,319129,27701
682240,319129,27701
688733,319129,27701
988675,320994,27703
994271,320994,27703
764399,321918,27701
778210,321918,27701
1023906,322232,28212
796221,322489,27703
799510,322489,27703
812138,322489,27703
657043,322709,27701
661246,322709,27701
690623,322709,27701
613706,322894,27805
645129,322894,27805
569215,322898,27701
784917,322898,27701
891640,322898,27701
896145,322898,27701
925095,322898,27701
970046,322898,27703
1059071,322898,27703
641453,322921,27703
656714,322997,28312
657036,322997,28312
658699,322997,28312
678304,322997,28312
680647,322997,28312
710279,322997,27701
713959,322997,27701
722731,322997,27701
723216,322997,27701
732736,322997,27701
759648,322997,27701
763955,322997,27701
769761,322997,27701
786420,322997,27701
792143,322997,27701
797902,322997,27701
872611,322997,27701
760149,323040,27703
731056,323558,28364
629531,324453,27701
644988,324453,27701
651484,324453,27701
687975,324453,27701
745534,324453,27701
753363,324453,27701
810804,324453,27701
991080,325263,27705
809445,325551,11201
845125,325687,27893
1007057,325687,27703
1036095,325687,27703
805447,326073,27703
807415,326073,27703
861485,326073,27703
1045856,326073,27707
1064001,326742,27603
709344,329213,27701
732753,329213,27701
1073234,329213,27701
1073378,329213,27701
1068103,329429,27834
782253,329555,27278
784918,329555,27278
647913,330160,27701
1019243,330160,27701
681545,330427,27707
688735,330427,27707
690107,330427,27707
694551,330427,27707
696982,330427,27707
946861,330916,27591
1027724,330916,27591
653600,331381,27701
703609,331381,27701
706438,331381,27701
715393,331381,27701
756771,331381,27701
771852,331381,27701
773688,331381,27701
777787,331381,27701
783359,331381,27701
704491,331491,27701
724929,331491,27701
759120,331491,27701
767178,331491,27701
769773,331491,27701
911228,331491,27701
1018886,331491,27701
1042220,331491,27701
1023895,331506,28212
614729,331680,27707
699107,332209,27701
709801,332209,27701
913251,332378,27705
1015898,332565,42770
1027789,332565,42770
641458,332566,38024
683311,332883,27703
795797,332883,27703
750963,332884,27701
860253,333120,27701
614794,333630,27713
633599,333631,27703
656710,333631,27703
665567,333631,27703
673348,333631,27703
676325,333631,27703
688502,333631,27703
688807,333631,27703
689731,333631,27703
966363,333756,27604
656711,333763,27701
741711,333763,27701
745117,333763,27701
779012,333763,27701
914308,333763,27701
978014,333763,27701
1001686,333763,27701
1015897,333763,27701
1034430,333763,27701
1065560,333763,27701
963966,334029,27701
865013,334496,29601
850639,334705,27704
696963,335050,27701
832176,335080,27701
874612,335270,27703
795800,335566,27702
797383,335566,27702
829451,335566,27702
1070857,335836,27701
1067670,335968,27701
1068669,335968,27701
1070240,335968,27701
634231,336462,27603
638560,336462,27603
641447,336462,27603
795792,336819,27614
822696,337762,27212
750960,337991,27701
752022,337991,27701
765100,337991,27701
777236,337991,27701
786023,337991,27701
933514,337991,27701
950281,337991,27701
960428,337991,27701
891243,338653,28206
867023,339258,27703
942885,339258,27703
1066363,339258,27703
821902,339762,27703
703608,339764,27707
878145,340028,15203
981440,340231,27703
1065208,340296,27607
907632,340547,27701
699449,340736,27705
702195,340736,27705
729552,340736,27705
756273,340736,27705
671992,341407,27701
680645,341407,27701
883511,341409,27701
785218,341525,27701
900081,341525,29604
636379,342328,27703
964230,342585,27703
767495,343041,27701
881394,343041,27701
906406,343041,27701
912570,343041,27701
656715,343488,28405
774736,343488,28405
776385,343488,28405
651332,343490,27704
651394,343490,27704
627792,343893,27701
773675,344091,24541
883833,344331,30288
704098,344494,27701
972000,344680,27703
1020611,344680,27701
614613,344697,29201
616707,344697,29201
620596,344697,29201
624015,344697,29201
633079,344697,29201
653175,344697,29201
656697,344697,29201
692161,344697,29201
716846,344697,29201
722761,344697,29201
726090,344697,29201
732756,344697,29201
733252,344697,29201
738094,344697,29201
741115,344697,29201
746160,344697,29201
749593,344697,29201
752027,344697,29201
753373,344697,29201
825771,344697,29201
827776,344697,29201
834966,344697,29201
836187,344697,29201
837828,344697,29201
840921,344697,29201
844244,344697,29201
851396,344697,29201
855488,344697,29201
857501,344697,29201
858686,344697,29201
859605,344697,29201
865982,344697,29201
874089,344697,29201
928023,344697,29201
929610,344697,29201
938247,344697,29201
1073775,344698,27701
692159,344699,27704
700481,344699,27704
749581,344699,27704
753986,344699,27704
955131,344699,27704
968168,344699,27704
980269,344699,27704
992202,344699,27704
1012816,344699,27704
1027791,344699,27704
498472,345581,28339
913921,345932,27701
949955,345932,27701
977069,346048,27703
607510,346065,27707
648852,346065,27707
681208,346065,27707
685209,346065,27707
691814,346065,27707
708117,346065,27701
713962,346065,27701
786425,346065,27701
787374,346065,27701
792142,346065,27701
803543,346065,27701
816220,346065,27701
828259,346065,27701
844232,346065,27701
853066,346065,27701
859133,346065,27701
867600,346065,27701
1064863,346065,27701
724949,346307,27405
762361,346593,27701
763968,346593,27701
775263,346593,27701
774070,346815,28349
845700,346815,27701
916120,346815,27701
1022188,346815,27703
912979,347621,27703
662241,347786,27701
644983,347855,27707
647912,347855,27707
657045,347855,27707
674930,347855,27707
732760,347855,27707
888420,347855,27707
892753,347855,27707
624018,348330,27704
850449,348582,27707
1027765,348582,27707
996339,348889,27703
781726,349278,27701
912976,349278,27701
783484,349279,27701
919185,349279,27701
614617,349449,27701
616718,349449,27701
623080,349449,27701
632135,349449,27701
641917,349449,27701
651486,349449,27701
676535,349449,27701
1002949,349449,27707
904909,349918,27703
855477,350748,27529
1066727,350852,27573
815357,351045,27201
1040173,351045,31401
679178,351468,27707
681547,351504,27707
688751,351504,27707
657741,352013,27707
764397,352684,28216
774480,352684,28216
762774,352986,27701
1047718,352986,27701
840542,353088,27704
956362,353153,27703
1050333,353160,27701
919170,353253,27704
935465,353253,27704
853065,353302,27705
1002847,353470,27703
828257,353754,27704
887454,353754,27704
730085,354600,27401
498477,354792,27704
912589,354812,27703
594325,355220,27701
660853,355355,27520
662239,355355,27520
664922,355355,27520
669610,355355,27520
675309,355355,27520
681223,355355,27520
682239,355355,27520
714292,355355,27520
736606,355355,27520
763946,355355,27520
727137,355426,27520
697309,355911,27703
708124,355911,27703
818063,357410,27704
878523,357475,27701
818204,357481,27701
617520,357728,23213
626110,357728,23213
744637,358124,27712
749069,358124,27712
994573,358124,27712
808751,358806,27701
591553,359308,27704
724932,359308,27704
614805,359310,27701
1026174,359310,27701
1043239,359310,27701
1045847,359310,27701
1056430,359310,27701
1061110,359310,27701
1073662,359310,27701
638561,359796,27701
625631,360237,28551
633125,360237,28551
643553,360237,28551
687914,360237,28551
704103,360237,28551
708115,360237,28551
765408,360237,28551
769738,360237,28551
773358,360237,28551
775262,360237,28551
777437,360237,28551
791706,360237,28551
983829,360237,28551
1012823,360237,27704
1034432,360237,27704
1052083,360237,27704
1062941,360237,27704
825035,360364,27701
969801,360593,27703
992204,360593,27703
1012829,360593,27703
632573,360883,27603
635369,360883,27603
674935,360883,27603
722876,360883,27603
748083,360883,27603
751025,360883,27603
756774,360883,27603
764415,360883,27603
770133,360883,27603
774075,360883,27603
775659,360883,27603
777093,360883,27603
779011,360883,27603
632574,361024,28526
680642,361024,28526
687974,361024,28526
704112,361024,28526
708122,361024,28526
727685,361024,28526
657740,361025,27701
998026,361388,29506
645996,361596,28441
702515,361596,27701
708120,361596,27701
720676,361596,27701
663784,361597,27701
670061,361597,27701
688417,361597,27701
626689,362567,27701
661583,362567,27701
688367,362567,27701
935476,362887,27703
789536,362889,27701
805873,362889,27701
928089,362889,27701
728072,362927,27701
759650,362927,27701
763963,362927,27701
807405,362927,27701
926187,362927,27701
546828,363078,27701
738092,363079,27701
826151,363080,27703
953220,363216,21214
611580,363382,23847
617138,363382,23847
670401,363382,23847
687907,363382,23847
707687,363382,23847
729553,363382,23847
739174,363433,27705
759123,363433,27705
764402,363433,27705
614715,363624,08030
646464,363624,08030
648999,363624,08030
1064561,363624,27704
1066156,363624,27704
894597,364437,27701
952351,364915,27703
611034,364950,27701
640465,364950,27701
647420,364950,27701
922137,365126,28205
658416,365130,27701
661254,365130,27701
688418,365130,27701
688788,365130,27701
693544,365130,27701
696974,365130,27701
696983,365130,27701
700015,365130,27701
700823,365130,27701
702518,365130,27701
706444,365130,27701
722874,365130,27701
723657,365130,27701
843200,365574,27701
957500,365829,27703
750458,366028,27701
760148,366028,27701
784211,366028,27701
818060,366028,27701
955254,366028,27703
927322,366093,27704
1026169,366093,27704
1069420,366112,27713
1018877,367064,27701
958787,367109,27530
817832,367206,27701
906421,367206,27701
976461,367206,27701
1072793,367206,27701
614737,367285,27701
639600,367431,27707
756763,368111,27893
809856,368111,27893
885801,368111,27893
632112,368692,27701
660251,368692,27701
666522,368692,27701
688804,368692,27701
721735,368692,27701
769747,368692,27701
789999,368692,27701
713532,368693,27707
715452,368693,27707
725339,368693,27707
778197,368693,27707
782581,368693,27707
786727,368693,27707
796218,368693,27707
810810,368693,27707
821514,368693,27707
880115,368693,27707
891246,368693,27707
922020,368693,27707
929167,368693,27707
976471,368693,27707
611590,369309,27701
771855,369309,27701
809085,369309,27701
837393,369309,27701
966364,369309,27701
1068658,369309,27701
632117,369588,27831
651406,369588,27831
815939,369977,28540
833805,369977,28540
712434,370196,27701
650333,370204,27701
651391,370204,27701
848112,370324,27704
663780,370346,27703
670045,370346,27703
675311,370346,27703
688756,370346,27703
621207,370512,27205
621209,370512,27205
705400,370512,27701
1025436,371020,27701
691810,371777,27542
732743,371777,27542
745108,371777,27542
764408,371777,27542
813822,372037,27510
1071017,372666,27516
1023908,373160,27704
572006,373187,27701
688366,373187,27701
627469,373188,27701
903460,373188,27704
639055,373190,27701
641912,373190,27701
654213,373190,27701
571987,373323,27707
676898,373323,27707
687549,373323,27707
688770,373323,27707
712430,373323,27703
723215,373323,27703
724918,373323,27703
726086,373323,27703
827007,373323,27704
614090,373473,24558
621196,373473,24558
632113,373473,24558
639059,373473,24558
763977,373473,24770
644990,373728,27703
711948,373728,27701
724941,373728,27701
732742,373728,27701
756772,373728,27701
769750,373728,27701
775641,373728,27701
784575,373728,27701
792138,373728,27701
809140,373728,27701
826153,373728,27701
836618,373728,27701
849843,373728,27701
930776,373728,27701
1013865,373728,27701
623546,373730,27565
624055,373730,27565
739171,373730,27565
689730,373731,10474
903468,373731,10474
772876,373971,27704
979483,373971,27703
587200,374123,06067
984696,374609,27701
724911,374838,27701
722842,375265,20017
662523,375392,27501
753995,375650,27514
836185,375815,27612
614095,376327,27704
616713,376327,27704
636891,376327,27704
641463,376327,27704
648408,376327,27704
654434,376327,27704
891641,376327,27703
979587,376327,27701
585966,376797,28555
592918,377081,27705
979593,377103,27701
984039,377103,27701
721219,377166,27701
745536,377166,27701
747613,377166,27701
748512,377166,27701
1036732,377361,27701
1046649,377361,27701
782587,377721,07017
829865,377721,27701
876049,377721,27701
709347,378131,27713
711640,378131,27713
595507,378312,27703
594334,378313,27701
642412,378313,27701
644510,378313,27701
659467,378313,27701
661257,378313,27701
678035,378313,27701
680649,378313,27701
689735,378313,27701
701698,378313,27701
850948,378313,27701
850949,378313,27701
952348,378313,27701
1003223,378313,27701
991081,378315,20747
592909,378316,27703
1004004,379111,32609
627793,379113,27707
647424,379113,27707
656716,379113,27707
674211,379113,27707
674657,379113,27707
678584,379113,27707
732734,379113,27701
760779,379113,27701
782250,379113,27701
791711,379113,27701
812135,379113,27701
816221,379113,27701
849417,379113,27701
614808,379142,27583
654214,379142,27583
1068311,379949,27834
595467,379956,27536
645431,379956,27536
656701,379956,27536
656720,379956,27536
670285,379956,27536
680638,379956,27536
688349,379956,27536
925359,380045,27703
594317,380535,27703
756758,380535,27703
770132,380535,27703
792139,380535,27703
932844,380554,27703
592612,380726,27701
723656,381092,27401
700016,381185,27701
724922,381185,27701
726089,381185,27701
663781,381739,28012
668912,381739,28012
671668,381739,28012
678308,381739,28012
700821,381739,28012
688570,381763,27703
595496,381870,27701
688357,381870,27701
786730,382261,27701
595505,383149,27701
688403,383149,27701
715396,383778,27713
722849,383778,27713
764787,383778,27713
774742,383778,27713
782585,383778,27713
787929,383778,27713
792147,383778,27713
658802,383781,27701
661213,383781,27701
724950,383781,27701
777213,383781,27701
778207,383781,27701
972467,383896,28805
786031,384356,27701
787936,384356,27701
793018,384356,27701
1073006,384548,27536
1068187,384883,27701
1072142,384883,27701
859711,385243,27609
833384,385458,27525
601273,385459,27713
614814,385539,27610
651504,385539,27610
687913,385539,27610
704102,385539,27610
748084,385539,27610
715039,385858,32216
616711,385899,27701
618508,385899,27701
692148,385899,27701
996419,386564,27703
1012600,386564,27703
849522,387175,27701
873154,387175,27701
984571,387175,27703
1015896,387175,27703
710173,387299,27701
919171,387424,27701
940064,387424,27701
1068845,387589,27701
614727,387703,27701
674919,387703,27701
678307,387703,27701
681222,387703,27701
688755,387703,27701
694235,387703,27701
706439,387703,27701
709348,387703,27701
720666,387703,27701
786423,387703,27701
789558,387703,27701
807400,387703,27701
829862,387703,27701
908714,387703,27701
973604,387703,27701
905691,388135,27707
940731,388135,27707
952349,388135,27707
1007995,388135,27707
614091,389214,27701
619634,389214,27701
696970,389214,27537
696985,389214,27537
708506,389214,27701
710529,389214,27701
700818,389431,27701
704104,389431,27701
907629,389683,27603
621175,390302,27701
636479,390302,27701
667593,390302,27701
671326,390302,27701
680646,390302,27701
692899,390302,27701
991785,390304,27703
1036099,390304,27703
1068841,390304,27703
762780,390305,27572
764782,390305,27572
992206,390305,27572
1026173,390305,27572
1034437,390305,27572
1068464,390305,27572
741709,390892,27701
938896,390892,27701
1050330,391309,27573
781175,391862,27549
630057,392116,27702
653176,392116,27702
655096,392116,27702
656689,392116,27702
632124,392383,27701
651888,392383,27701
664217,392383,27701
688359,392383,27701
632125,392386,27701
667594,392386,27701
670402,392386,27701
688413,392386,27701
697601,392703,27707
704792,392703,27707
1052017,392703,27701
1047719,392904,27534
963967,393430,27705
642413,394031,27701
661248,394031,27701
688396,394031,27701
696969,394031,27701
702512,394031,27701
925615,394031,27701
932550,394449,28213
645995,394826,27701
660634,394826,27701
888456,394826,27701
1012831,394826,27701
650336,395548,27702
654210,395548,27702
687982,395548,27702
710908,395548,27701
800980,395548,27701
812815,395548,27701
1046067,395548,27701
1062924,395548,27701
928897,395598,27703
651791,395939,27701
668911,395939,27701
688805,395939,27701
936638,395939,27703
707115,396254,27530
704113,396639,27701
710906,396639,27701
770716,396639,27701
776634,396639,27701
789567,396639,27701
825034,396639,27701
904270,396639,27701
906403,396639,27701
926849,396639,27701
657029,397201,27701
659928,397201,27701
661239,397201,27701
657409,397427,27701
658757,397427,27701
688506,397427,27701
717872,397482,28333
722040,397482,28333
657971,397646,27701
658080,397646,27701
688564,397646,27701
698695,397646,27701
710530,397646,27701
728071,397646,27701
741723,397646,27701
774477,397646,27701
805870,397646,27701
847210,397658,20137
876047,397658,20137
886551,397658,27701
885810,397720,73013
907098,397720,73013
720350,397781,27705
756769,397781,27705
658750,397879,27701
666520,397879,27701
670064,397879,27701
670058,397941,27701
687901,397941,27701
903179,398224,27612
1037991,398673,27692
667335,398927,27610
670044,398927,27610
663331,398931,27702
688496,398931,27702
697310,398931,27702
722843,398931,27702
899596,398931,27702
770710,399024,29741
664330,399337,70806
662736,399340,27701
670062,399340,27701
683010,399340,27701
688831,399340,27701
705403,399340,27701
722844,399340,27701
728089,399340,27701
753378,399340,27701
764080,399340,27701
662732,399342,27701
669619,399342,27701
670057,399342,27701
663196,399459,27702
668927,399459,27702
688497,399459,27702
724947,399459,27702
781180,399892,27701
833379,399892,27704
897637,399892,27704
926547,399892,27704
692901,399969,27705
664918,400077,27701
676334,400077,27701
688372,400077,27701
704100,400414,27701
704791,400414,27701
706440,400414,27701
727681,400414,27701
745105,400414,27701
746158,400414,27701
749582,400414,27701
789541,400414,27701
793892,400414,27701
807407,400414,27701
818061,400414,27701
913923,400414,27701
1028176,400414,27701
666516,400528,27701
694245,400528,27701
807409,400528,27701
818410,400528,27701
919183,400528,27701
950307,400528,27701
975505,400528,27703
724912,400956,27834
727676,400956,27834
843202,401189,27707
739169,401403,27705
669606,401497,27701
703610,401497,27701
723658,401581,27516
756290,401581,27516
671991,401978,27510
676326,401978,27510
681289,401982,17013
684785,401982,17013
849524,401982,27701
873160,401982,27701
881397,401982,27701
683315,402130,27701
688754,402130,27701
697302,402130,27701
711944,402130,27701
724662,402130,27701
732752,402130,27701
737184,402130,27701
750456,402130,27701
759652,402130,27701
763975,402130,27701
1057618,402130,27522
1072722,402130,27522
671798,402256,27701
676259,402256,27701
676324,402256,27701
683313,402256,27701
688566,402256,27701
713958,402256,27701
735032,402256,27701
671663,402257,27701
681214,402257,27701
682494,402257,27701
688727,402257,27701
701695,402257,27701
748513,402257,27701
753992,402257,27701
758218,402257,27701
878526,402257,27703
690937,402258,27701
735027,402258,27701
769757,402258,27701
771030,402258,27701
778199,402258,27701
784908,402258,27701
1013791,402258,27701
672281,402534,27701
733696,402826,27701
747602,402826,27701
803538,402826,27701
678118,403050,29526
680009,403050,29526
688398,403050,29526
708118,403050,29526
722877,403050,29526
725341,403050,29526
726083,403050,29526
741110,403050,29526
763985,403050,29526
767491,403050,29526
781179,403050,29526
1034041,403050,27597
1073769,403050,27597
763987,403186,27707
770109,403186,27707
770714,403186,27707
777092,403186,27707
778198,403186,27707
678132,403361,27701
680011,403361,27701
688767,403361,27701
691408,403469,28570
686090,403745,27701
687951,403745,27701
700816,403745,27701
706445,403745,27701
751519,403745,27701
759639,403745,27701
772263,403745,27701
773687,403745,27701
780849,403745,27701
789997,403745,27701
696984,403936,27701
801674,403936,27701
833377,403936,27701
676900,404217,27701
680643,404217,27701
692552,404217,27701
711642,404217,27701
722865,404217,27701
724920,404217,27701
732738,404217,27701
735536,404217,27701
1005763,404217,27701
1023003,404217,27701
678310,404523,27278
684790,404523,27278
688821,404523,27278
678881,405094,27610
688731,405094,27610
697299,405094,27610
773677,405331,33128
784915,405331,33128
786022,405331,33128
787376,405331,33128
791697,405331,33128
968175,405506,27713
977423,405886,27701
1055929,405886,27704
681215,405932,27707
999918,405977,27707
1003771,405977,27707
691818,406433,27703
697308,406433,27703
770139,406923,27707
683581,407001,27707
688729,407001,27707
826152,407001,27703
689313,407019,27536
684313,407370,24541
873648,407414,27701
994239,407506,27703
1011513,407506,27703
1040646,407506,27703
1052085,407506,27703
1059649,407506,27703
1065386,407506,27703
1068666,407506,27703
1071922,407506,27703
1074495,407506,27703
1007574,407616,27701
724935,407705,95685
691404,408051,24603
1072513,408051,10025
688825,408496,27501
689317,409062,27701
692548,409062,27701
702928,409062,27701
689310,409235,27713
689315,409236,27707
722875,409236,27707
735033,409236,27707
750453,409236,27707
754503,409250,28110
763951,409250,28110
690108,409450,33317
690936,409587,27705
690939,409686,27704
691416,409781,27522
868074,409781,27522
889178,409781,27522
956847,409781,27522
691412,409782,29611
699109,409782,29611
920484,409835,27801
878146,409921,27703
692165,409923,27703
792721,409923,27703
692550,410000,27577
759125,410000,27577
692151,410002,27701
711941,410002,27701
796220,410002,27701
845121,410002,27701
885501,410002,27701
713961,410155,27701
692906,410222,27704
694238,410574,27217
702190,410574,27217
702520,410574,27217
694246,410575,27701
716340,410575,27701
840544,410575,27701
696973,411376,27701
704105,411376,27701
704790,411376,27701
696980,411378,27701
702929,411378,27701
697306,411380,27701
697304,411382,27701
696964,411383,27610
697307,411386,10032
955136,411392,27703
697296,411485,27909
745106,411485,27707
771856,411485,27707
720113,411652,48224
728509,411652,48224
741114,411652,48224
769740,411652,48224
731055,411657,27701
844236,411719,28401
699097,411746,27701
698215,411775,27703
700479,411775,27703
698698,411844,27703
700490,411844,27703
706436,411844,27703
708121,411844,27703
722884,411844,27703
699392,412097,27701
1064422,412097,27701
930164,412231,27713
700017,412307,27701
720329,412307,27701
724934,412307,27701
726539,412307,27701
736611,412307,27701
700830,412579,27701
1071200,412591,27703
701102,412722,27701
701101,412723,27701
701099,412724,27701
701406,412856,27701
778206,412856,27701
701699,412975,27707
702194,413217,28806
702198,413218,27705
702197,413219,27701
702521,413283,27701
702513,413345,27701
702516,413348,27701
702517,413349,27701
749070,413940,27510
704490,413993,10031
1067842,415015,27302
1069558,415015,27302
946513,415066,27597
707697,415098,27703
707692,415099,27703
707698,415100,27701
707688,415102,27023
771501,415102,27023
711189,415103,27503
707686,415104,10474
946506,415235,27701
979719,415235,27701
708123,415249,27703
722850,415249,27703
708508,415332,27701
720122,415332,27701
708510,415333,27701
708511,415334,27701
764398,415399,27705
770135,415399,27705
773361,415399,27705
908513,415399,27705
709346,415631,27701
709345,415632,27534
709798,415733,27701
760781,415733,27701
764396,415733,27701
767498,415733,27701
770136,415733,27701
711188,415734,27701
711950,415734,27701
709955,415735,27701
735538,415735,27701
809152,415735,27701
855963,415735,27701
938246,415735,27701
943805,415735,27701
969800,415735,27703
751522,415830,27701
710175,415852,27701
810809,415852,27701
710273,415901,11212
710528,415993,21234
722881,415993,21234
1036057,416074,27702
720118,416281,27609
711639,416284,27701
738093,416284,27701
779419,416284,27701
782251,416284,27701
712130,416285,27701
778209,416285,27701
711945,416394,32256
720111,416394,32256
739649,416394,32256
711947,416395,27701
712341,416512,27701
955918,416679,27703
976473,416679,27703
980270,416679,27703
989695,416679,27703
1008003,416679,27703
1074300,416679,27703
713526,416682,27701
744624,416696,27610
753364,416696,27610
756773,416696,27610
763957,416696,27610
777436,416696,27610
791710,416696,27610
802320,416696,27610
713531,416771,28301
713544,416772,27701
713965,416884,27701
776635,416884,27701
873165,416884,27701
713966,416885,27701
727135,416885,27701
764395,416885,27701
776386,416885,27701
782586,416885,27701
792148,416885,27701
794252,416885,27701
925356,416885,27701
975665,416885,27701
714316,416982,27701
732731,416982,27701
977070,416982,27701
914307,417090,27701
975669,417090,27701
939486,417152,27703
715390,417264,28387
720112,417264,28387
715391,417265,27707
878147,417265,27707
715394,417266,27701
716341,417533,27701
716892,417655,27516
716903,417656,27704
722042,417656,27704
733699,417656,27704
735036,417656,27704
743438,417656,27704
882033,417656,27704
887166,417656,27704
717764,417779,27704
720123,417779,27704
717758,417781,27701
720119,417781,27701
1023907,417907,27713
909406,418176,27703
720099,418225,27701
748514,418225,27701
770107,418225,27701
772880,418225,27701
775261,418225,27701
779047,418225,27701
720672,418365,27707
722041,418365,27707
720683,418366,27704
724945,418366,27704
720671,418367,20305
1064424,418402,27707
721226,418462,27701
976489,418524,27705
834970,418563,28433
840543,418563,28433
919181,418563,28433
774740,418616,28405
814895,418616,27701
722757,418774,27703
723219,418876,06516
778194,418876,06516
723225,418877,27516
1070276,418916,27701
723655,418970,27713
724946,419118,27703
724923,419119,27707
724924,419120,27704
724913,419122,75935
724926,419123,27701
724942,419124,27701
743432,419124,27701
747614,419124,27701
753365,419124,27701
758217,419124,27701
764412,419124,27701
767493,419124,27701
773686,419124,27701
779734,419124,27701
781181,419124,27701
789565,419124,27701
805445,419124,27701
913926,419124,27701
927589,419124,27701
934845,419124,27701
938595,419124,27701
952354,419124,27701
956644,419124,27701
940062,419171,27703
1018885,419171,27703
1062939,419171,27703
725340,419207,27707
726088,419375,27703
809441,419375,27703
885199,419375,27701
939501,419375,27701
1012818,419375,27701
1027782,419375,27701
996304,419389,29210
726542,419391,27701
776382,419391,27701
780854,419391,27701
787928,419391,27701
863780,419391,27701
1072432,419391,27701
1072934,419391,27701
1073390,419391,27701
727143,419523,30314
745535,419523,30314
763956,419523,30314
727147,419524,27713
728083,419524,27713
735039,419524,27713
727780,419525,27603
847059,419525,27705
727144,419526,27701
763969,419526,27701
741119,419527,27707
749594,419527,27707
919190,419527,27707
935468,419527,27705
764403,419667,27215
727678,419668,27530
728092,419800,27704
728075,419801,27701
767496,419801,27701
728078,419803,27701
728084,419804,29169
753988,419804,29169
758227,419804,29169
775648,419804,29169
782583,419804,29169
728090,419805,28339
728091,419805,28339
736613,419911,27701
747610,419911,27701
782274,419911,27701
790374,419911,27701
808047,419911,27701
814225,419911,27701
837392,419929,27701
728579,419932,80013
906095,420015,27703
730751,420019,27511
971999,420019,27701
1069881,420019,27701
1073907,420019,27701
853124,420026,32904
838997,420149,27701
730624,420199,27503
730661,420206,13204
981441,420293,27701
987668,420293,27701
1012813,420293,27701
1046658,420293,27701
1064429,420293,27701
1070380,420293,27701
961178,420459,27703
732755,420527,28340
735046,420527,28340
735193,420702,33068
784919,420702,33068
952043,420702,33068
913640,420712,27888
735041,420825,27701
763954,420825,27701
765406,420825,27701
845318,420825,27704
735540,420897,27704
764418,420897,27704
780029,420897,27704
787377,420897,27704
736612,420997,33133
738628,421416,28434
747609,421416,28434
770115,421416,28434
865020,421416,28434
873645,421416,28434
738633,421417,27713
738632,421434,27703
875585,421434,27701
882697,421434,27701
1020608,421434,27703
899698,421503,27704
901689,421503,27704
905451,421503,27704
925357,421503,27704
739168,421521,27565
766413,421596,27603
784701,421596,27603
897642,421698,27565
747601,421788,27701
759638,421788,27701
741111,421813,28504
1023910,421813,27707
1045850,421813,27707
750464,421826,27707
741716,421938,27546
743440,421938,27546
763949,421938,27546
766417,421938,27546
741715,421939,27603
747612,421939,27603
759654,421939,27603
769775,421939,27603
741713,421940,27707
742405,422042,27704
748088,422042,27704
753993,422042,27704
754975,422042,27704
917220,422042,27529
743441,422212,27713
743428,422213,27701
753371,422213,27701
744628,422311,27701
744632,422312,27705
766420,422312,27705
810807,422312,27705
747611,422315,37412
745109,422375,27701
747615,422375,27701
756780,422375,27701
746159,422602,39213
747607,422785,27703
750460,422785,27703
750965,422785,27703
925094,422785,27701
747600,422786,70802
772264,422786,70802
774072,422786,70802
775646,422786,70802
778201,422786,70802
779733,422786,70802
781174,422786,70802
797905,422786,70802
810496,422786,70802
886727,422786,70802
956674,422786,70802
1068956,422786,27701
1073917,422786,27701
748085,422901,27701
748080,422902,28391
749068,423089,27107
773355,423089,27107
780508,423089,27107
792726,423089,27107
756778,423094,27705
797396,423094,27705
756777,423095,27705
756776,423096,27705
750463,423291,27701
750461,423292,37702
751516,423492,27701
752024,423563,27705
752025,423563,27705
769764,423563,27705
1072394,423578,27889
753380,423732,27530
759121,423732,27530
753996,423879,27701
753989,423880,27701
753997,423881,27530
754121,423932,27707
770118,423932,27707
777440,423932,27707
781720,423932,27707
934934,423932,27707
754504,423991,27701
778193,423991,27701
785215,423991,27701
787925,423991,27701
789554,423991,27701
800976,423991,27701
872635,423991,27701
975671,424004,27701
754973,424071,27701
754974,424072,27712
755454,424179,94103
756779,424403,27701
767499,424403,27701
775664,424403,27701
810498,424403,27701
811100,424403,27701
756760,424404,27703
826148,424404,27703
758225,424809,27701
758230,424810,27707
782255,424810,27707
759758,424996,27703
759637,424997,27701
782582,424997,27701
904895,425239,27704
762287,425348,27704
780848,425348,27704
786424,425348,27704
762772,425364,27573
762363,425365,23607
762776,425453,27551
1069861,425490,27702
764401,425704,27565
763980,425706,27603
766426,425706,27603
763948,425710,27701
991786,425738,27703
764405,425828,27705
764781,425912,27703
765104,425991,27705
988958,426087,27603
766025,426181,27613
849514,426181,27703
907115,426181,27703
1021147,426252,31405
766422,426298,27701
766418,426299,28306
772608,426299,28306
766438,426300,27701
767500,426300,27701
793544,426300,27701
766439,426301,27574
867604,426301,27704
873158,426301,27704
887753,426301,27704
950304,426301,27704
766415,426303,27574
767175,426303,27574
783362,426303,27574
806584,426303,27574
882034,426303,27574
766817,426413,27704
767181,426506,27517
786731,426506,27517
767180,426508,27704
956843,426508,27704
771862,426608,48081
1005030,426926,27605
946518,427056,28540
770138,427134,27701
769772,427135,27510
772262,427135,27510
819872,427137,27705
850053,427137,27705
769744,427138,27701
769752,427140,21229
769737,427141,27536
770105,427141,27536
774737,427141,27536
776381,427141,27536
792525,427141,27536
770126,427284,27701
887170,427284,27701
1067655,427284,27701
770387,427359,27701
770388,427360,27701
887169,427360,27701
1067657,427360,27701
770718,427456,27701
771500,427535,27707
778983,427535,27707
779405,427535,27707
771502,427639,27701
948687,427639,27701
771503,427640,27701
818206,427640,27701
771857,427731,27712
774474,427731,27712
773681,427733,27701
946514,427734,27703
773673,428209,27522
1065252,428209,27522
773682,428211,32201
774741,428500,27606
775259,428596,27703
778196,428596,27703
779003,428596,27703
731477,428961,27707
1032517,429149,27707
1071829,429149,27707
1073470,429149,27707
1074506,429149,27707
1052927,429150,27701
787085,429152,27701
868988,429152,27701
921105,429152,27701
936285,429152,27701
847063,429402,28460
850947,429402,28460
779015,429485,27701
793542,429485,27701
842307,429573,27542
955126,430061,27526
867011,430073,27401
906673,430223,27705
845123,430243,27701
1041805,430244,27701
1018894,430325,27701
1068660,430325,27701
760783,430778,27701
865012,430970,27534
876933,430970,27534
891245,430970,27534
894596,430970,27534
918204,430970,27534
784909,431161,27701
786020,431161,27701
960542,431161,27703
1015875,431161,27703
1065562,431161,27703
786030,431448,27701
787083,431761,27701
789555,431761,27701
793539,431761,27701
849530,431858,27701
822695,432255,27536
792145,432407,27701
962216,432549,32802
930775,433105,27896
1032492,433474,27705
849845,434670,27607
797390,434698,27701
981031,434832,27701
1015651,434832,27701
1044188,434832,27701
969694,434841,27701
902797,434858,27712
904894,434858,27712
906101,434858,27712
896497,435077,27701
973608,435077,27703
801166,435403,27610
813445,435426,27701
1061439,436394,27603
805448,436540,27701
907112,436540,27701
917603,436540,27701
931511,436540,27701
1041311,436540,27701
828263,436663,33403
875587,436663,33403
1053507,436993,27704
1041315,437096,27701
1062927,437096,27701
911519,437837,27012
990062,438055,27701
923144,438203,27705
982648,438534,27705
855971,438933,27701
832173,439184,27701
833382,439184,27701
813823,439185,22630
850603,439185,22630
814538,439545,27701
829894,439545,27701
840541,439545,27701
815358,439857,32202
815219,439858,27870
1059582,439931,27563
815949,440132,27704
816215,440230,27530
816564,440335,27701
817192,440603,34120
821903,440603,34120
817191,440604,19609
817697,440753,27703
817838,440820,27874
837835,440820,27874
818412,441070,27707
818704,441221,27910
821513,441221,27910
910938,441221,27910
925096,441221,27910
980290,441221,27910
1073468,441221,27910
819514,441505,27701
920476,441505,27701
819518,441506,27526
819513,441507,27704
859602,441507,27704
819515,441508,27707
827009,441508,27707
819870,441636,11101
843198,441767,73105
820356,441829,27610
888963,441891,85051
838218,441899,27937
821081,442102,27516
821516,442181,27707
821900,442316,27569
918435,442585,27701
822694,442629,89523
822697,442630,27713
956840,442630,27713
995245,442630,27713
833385,442949,27701
837829,442949,27701
1005194,442949,27701
963973,443052,27701
887752,443138,27701
825769,443340,14817
825766,443341,21804
826146,443459,27704
867607,443930,27613
828258,443932,44101
828254,443933,33625
977136,443933,33625
987121,443933,33625
828494,444026,27701
829449,444134,27701
829450,444135,27701
939499,444135,27701
830144,444175,27587
873173,444175,27587
931821,444175,27701
829861,444234,27704
829864,444237,27332
894311,444293,27704
902254,444293,27704
907024,444293,27704
1066714,444293,27704
830142,444360,90043
832189,444361,27701
831523,444572,27701
872639,444572,27701
956363,444572,07703
831522,444573,27705
832175,444667,27701
1059579,444764,27703
833375,444910,27525
833380,444911,27712
833542,444974,06612
845138,444974,06612
875588,444974,11221
939488,444974,27713
982640,444974,27713
1025424,444974,27703
833804,445011,27705
845136,445011,27705
859607,445011,27705
929922,445011,27703
1040637,445011,27703
834963,445138,27701
837391,445138,27701
838998,445138,27701
834961,445153,12054
834969,445154,27278
847566,445154,27278
834968,445155,20175
834965,445158,11207
834959,445159,27701
834960,445161,30168
923147,445161,30168
834958,445162,27707
835387,445242,27703
850054,445242,27703
907097,445242,27703
835384,445243,27705
1057619,445243,27705
844230,445385,27573
997743,445476,27703
837832,445699,27707
946519,445699,27703
837831,445700,27703
837833,445701,44108
849521,445701,44108
838217,445768,27701
847563,445768,27701
865979,445768,27701
872631,445768,27701
873646,445768,27701
840615,445874,27704
838999,445926,27701
848667,445933,27705
840540,446077,27701
840619,446102,27565
840537,446103,27701
855480,446103,27701
956653,446103,27701
842305,446235,93015
842308,446388,27278
842310,446389,27707
842304,446392,23923
873153,446392,23923
842302,446393,27834
843201,446574,27703
955133,446574,27703
844233,446658,27707
847291,447150,27344
847061,447152,27701
881387,447152,27701
942886,447152,27701
1012821,447152,27701
1020610,447152,27701
1064118,447152,27701
865011,447171,26301
850128,447217,27701
873149,447217,27701
847565,447282,28711
868075,447282,28711
876051,447282,28711
899701,447282,28711
902532,447282,28711
847562,447283,27701
961177,447283,27701
848110,447383,10550
885209,447383,10550
887165,447383,10550
848668,447498,28226
850146,447564,27701
849844,447680,27707
889066,447760,28227
850604,447805,06606
850627,447806,27707
916110,447806,27707
850628,447807,29210
885802,447807,29210
955291,447807,29210
850456,447808,27615
850608,447809,27603
912575,447809,27603
852468,448175,29466
978924,448175,29466
852471,448176,27516
931822,448675,27701
855486,448686,27910
873162,448686,27910
855476,448687,27704
882243,448687,27704
967057,448687,27704
855487,448688,27701
827773,448742,27707
855965,448799,27707
878525,448799,27707
855964,448800,27701
872613,448800,27701
930165,449148,27610
858684,449322,27523
896498,449322,27523
1067680,449322,27523
1069393,449322,27523
859606,449483,27703
1036733,449483,27703
1065380,449483,27703
1069422,449483,27703
859609,449484,27573
860129,449670,27704
861033,449769,27703
882695,449769,27703
885804,449769,27703
861901,449958,27701
863776,450197,27705
863784,450201,27517
864486,450279,27703
865014,450354,27537
865498,450442,07106
867601,450717,20877
867641,450718,28602
872615,450718,28602
879760,450718,28602
891251,450718,28602
918203,450718,28602
938243,450718,28602
954238,450718,28602
867603,450719,27703
867599,450720,28338
873151,450720,28338
882032,450720,28338
886918,450720,28338
867598,450721,28621
895260,450721,28621
898759,450721,28621
867605,450722,27713
867608,450723,27513
873159,450723,27513
877301,450898,27705
877299,451176,27701
872633,451207,27713
994046,451261,27703
999404,451261,27703
873166,451491,27703
876530,451491,27703
888738,451491,27703
918202,451491,27703
939497,451500,28734
972463,451500,28734
873647,451676,27701
886919,451680,27703
912998,451680,27703
925093,451680,27703
874086,451796,27503
874085,451797,27503
874613,451900,27703
876527,451900,27703
874616,451901,27707
1068661,451901,27707
874615,451902,21216
907096,451981,27701
1021131,451981,27707
876045,452111,27701
876528,452192,27705
876932,452193,27344
919166,452246,08360
952353,452246,27703
963976,452246,27703
878527,452580,30035
878528,452581,27530
882035,452581,27530
886547,452581,27530
878521,452582,60628
921492,452582,27703
946522,452582,60628
961176,452582,27703
982666,452582,27703
1015891,452582,27703
889180,452667,21532
917007,452762,27701
956755,452762,27703
977037,452860,27701
880108,452928,28348
880116,452929,27701
885201,452929,27701
880114,452930,27703
895257,452930,27703
880107,452931,27704
888737,452931,27704
943857,452931,27704
880112,452932,27704
960208,452947,27704
881396,453202,27701
885796,453204,27707
881389,453205,27701
907967,453205,27701
925414,453205,27701
881388,453206,27707
881391,453207,27577
881390,453208,20032
892751,453208,20032
883513,453690,27573
885503,453690,27573
980183,453690,27573
984099,453690,27573
883839,453760,27702
1026918,453791,27703
884921,454008,29010
885812,454320,27707
891239,454481,73071
886546,454491,27707
901690,454491,27707
905453,454491,27707
887456,454736,27705
887450,454737,36427
888424,455002,27701
888734,455112,32114
897389,455112,32114
906414,455112,32114
889065,455181,27704
889263,455254,27140
927588,455254,27140
891244,455774,27406
891238,455775,27707
891241,455776,27610
891643,455776,27610
891642,455876,27703
922910,455984,28339
1074024,456071,27701
893944,456554,27705
902799,456554,27705
894312,456628,19124
902796,456628,19124
967227,457053,27703
897055,457072,27703
901697,457072,27703
901949,457072,27703
896493,457200,27701
898765,457200,27701
896768,457295,27701
897052,457390,27701
973612,457390,27701
1015870,457390,27701
897053,457391,27701
976467,457391,27701
999621,457391,27701
897152,457430,27573
1069894,457436,27604
897792,457559,27703
897890,457620,27704
953219,457712,27703
916055,457893,27536
956651,457893,27536
934536,458135,27302
899695,458217,27707
956669,458217,27707
899700,458218,27703
899694,458220,27703
899699,458221,27713
899689,458222,27704
899697,458223,27519
946507,458275,27703
900084,458307,27704
900082,458308,27704
946512,458796,27701
901688,458817,44306
902120,458818,27701
916100,458923,27705
916116,459027,27704
1008595,459271,28401
903182,459296,25404
904892,459879,27703
904906,459883,27703
906104,459883,27703
904908,459884,27713
975660,459884,27713
905184,460004,27704
946502,460137,27605
905693,460179,27704
905692,460180,27302
906099,460322,27701
906102,460324,27106
906096,460325,27701
906674,460493,27705
906664,460494,27713
907241,460680,27701
989384,460680,27703
1008000,460680,27703
1059070,460680,27703
907633,460751,27320
907634,460752,27705
1010385,460752,27705
907969,460865,27703
927108,460865,27703
908201,460931,27701
908511,461063,27701
908512,461064,27703
1014939,461144,27704
909402,461330,27703
909398,461331,27701
937193,461331,27701
909734,461439,27701
910023,461539,27701
919172,461539,27701
910316,461540,27883
910640,461710,27703
910642,461711,27704
910937,461823,27701
925097,461823,27701
1018406,461824,27705
946688,461886,27701
966368,461886,27701
916061,462058,27701
912591,462366,27703
957508,462366,27703
912586,462367,27703
912576,462368,27701
912572,462369,27703
961180,462369,27703
913249,462598,27707
913250,462599,19121
913247,462600,21218
926851,462685,27702
1066842,462686,27260
913641,462716,27253
913928,462808,27701
913924,462809,28403
922013,462826,27317
914723,463112,27703
914721,463114,27701
974121,463114,27701
1029681,463114,27701
1062942,463114,27701
1069878,463114,27701
916118,463515,27701
979594,463515,27701
984096,463515,27701
916123,463517,75243
916953,463800,29565
927100,463823,27701
917005,463824,27701
939500,463824,27701
956753,463824,27701
917224,463843,27701
920479,463843,27701
946508,463843,27701
1011462,463843,27701
917223,463844,21225
917604,463973,27574
919167,464163,27707
919165,464164,27701
936284,464307,27701
919942,464737,27713
977816,464737,27713
922619,464738,27703
920478,464819,27713
920480,464820,27703
920481,464822,27713
920483,464823,27536
920482,464824,27536
920487,464825,27544
920490,464826,27544
920486,464827,27703
989661,464836,27834
1011516,464836,27834
656724,464874,27401
920780,464948,27701
920778,464949,27701
921101,465084,27703
931510,465084,27703
976451,465185,27713
922017,465430,27801
922621,465624,07304
936639,465810,27701
922911,465903,28401
959752,465903,28401
979315,466024,27610
928240,466203,28203
928022,466391,27302
954116,466391,27302
966372,466502,27701
954117,466734,27703
968705,466734,27703
925360,467009,24315
925362,467119,28262
925368,467120,28465
925367,467123,27713
925618,467131,27707
925619,467133,27701
925620,467137,27701
937190,467137,27701
1064684,467137,27701
925616,467140,27703
925623,467296,27704
1064817,467296,27704
926847,467632,27701
943806,467632,27701
1057956,467632,27701
1071987,467632,27701
926545,467633,27703
976472,467633,27703
1067234,467639,27701
996704,467749,27703
926850,467782,27701
933522,467782,27701
947291,468158,27612
966711,468158,27612
928019,468177,27703
928021,468178,45321
928018,468179,12601
999707,468179,27514
1003212,468179,27514
928238,468254,27701
953763,468404,63107
1064425,468404,63107
682237,468555,27705
744631,468555,27705
753990,468555,27705
928899,468562,27703
1025423,468742,27707
929575,468756,27701
950217,468757,27707
929920,468888,91007
1044211,469076,49418
933515,469364,27703
931823,469496,27701
959084,469496,27701
931816,469497,27701
932553,469688,28752
932551,469689,27701
932854,469821,27703
933521,470023,23223
1027705,470023,27522
934535,470290,27701
1008002,470290,27701
1037994,470290,27701
934849,470402,27703
936282,470794,27609
936280,470795,27601
936637,470932,27703
938656,471315,99503
938657,471316,99503
938244,471317,27701
938894,471453,27704
938893,471455,27703
938897,471456,27703
939485,471458,27703
939498,471542,27704
939487,471544,27703
957507,471544,27703
940056,471671,27703
940730,471672,27703
955130,471684,27703
940733,471927,27703
971157,471997,27703
941642,472140,27701
941646,472140,27701
1066725,472189,27701
942884,472573,27701
1053537,472573,27701
1073504,472573,27701
957493,472730,27703
943803,472732,27536
1026176,473014,27882
946509,473520,27583
946505,473521,27703
946515,473522,27701
966369,473522,27701
946516,473523,27703
946503,473525,27703
982432,473525,27703
946859,473630,27705
947284,473722,27537
947281,473723,27537
952046,473723,27537
948691,474120,27701
948693,474121,27703
949957,474416,27703
950214,474517,27703
950375,474593,27704
950572,474630,20073
959083,474630,20073
1041094,474630,28352
950565,474631,27703
1024252,474631,27703
950573,474632,27703
977044,474632,27703
950580,474633,27703
955135,474633,27703
1050325,474647,27835
962840,474791,27703
951370,474854,27606
951372,474855,33701
1018887,474855,33701
951371,474856,27701
952045,475087,27703
952352,475193,27703
955132,475362,27703
959755,475362,27703
967226,475362,27703
954119,475701,27703
997596,475701,27703
955810,475702,27703
954121,475703,27703
955129,476011,27801
994270,476011,27801
955125,476012,32188
955128,476014,32188
955122,476015,27703
1044190,476137,08021
1027816,476246,27705
955917,476384,27704
959753,476451,55106
956364,476469,05918
956365,476470,27701
956754,476599,27596
988673,476705,27703
957127,476716,27565
957495,476863,27703
1007999,476863,27703
957491,476865,27703
957505,476866,27703
975668,476866,27703
959455,476988,19154
963974,476988,19154
957854,477001,27701
993246,477001,27701
1011517,477001,27701
957857,477002,27701
958290,477091,27705
958291,477092,29726
958788,477242,27703
958790,477243,27701
960701,477244,27712
973609,477244,27712
1007998,477244,27712
1069247,477244,27712
1071989,477244,27712
958794,477245,27704
975667,477245,27704
959591,477477,21207
969802,477545,27703
993723,477545,27703
959754,477611,27701
1053540,477611,27701
1065564,477611,27701
960207,477723,27701
988957,477781,27703
960546,477868,27302
960544,477870,27703
961179,478053,27703
962217,478304,27701
962839,478519,27703
962844,478521,27703
963972,478890,27530
963977,478891,27597
963971,478892,27703
963970,478893,27701
963975,478894,14103
964236,478976,27703
968167,479174,27615
972470,479279,29048
977036,479292,27703
977032,479359,27703
966362,479753,28562
1073963,479753,28562
966365,479754,27703
966367,479755,27544
966375,479756,08401
1053505,479756,27703
1071924,479756,27703
966373,479757,27713
966366,479758,27703
966370,479760,27703
966957,479982,27703
1025425,479982,32201
966959,479983,27703
966952,479985,27703
968172,480429,27610
968704,480644,27713
968706,480645,27703
968707,480646,27703
969798,481015,27703
969797,481016,27704
970045,481110,27703
983826,481110,27703
1059069,481110,27703
970043,481111,27703
1015893,481111,27703
1044189,481111,27703
1045833,481146,27587
970903,481377,08404
970890,481378,10310
970892,481381,28364
976464,481382,27713
971161,481512,27703
971158,481514,27703
971159,481515,27703
972004,481783,27701
982637,481784,27703
997326,481784,27703
972465,482005,27701
972469,482006,27701
1069425,482006,27701
972471,482007,27701
1051244,482007,27701
972466,482008,27344
973613,482418,27106
1015869,482418,27106
973610,482419,27514
1053529,483566,27701
977052,483773,27703
977054,483775,27701
977877,484080,27707
978013,484109,28337
1070267,484109,27701
1072694,484109,27701
1073654,484109,27701
978011,484110,21213
989699,484110,21213
979592,484673,27553
979591,484674,27707
979589,484675,29229
980184,484927,27701
980818,485129,27703
980984,485223,27703
980987,485227,27703
1001101,485403,27704
981455,485472,27703
981456,485473,27703
982621,485857,27573
999911,485857,27573
982960,485955,27707
983662,486162,27703
983663,486164,27703
999912,486164,27703
1027738,486164,27703
984041,486295,27705
1024587,486416,27703
984570,486478,27703
984695,486543,27701
985752,486862,07108
986251,487060,27703
987258,487375,27703
987527,487501,31794
987914,487665,27703
988588,487759,27703
995826,487759,27703
989946,487777,27703
992176,487777,27703
989945,487778,27703
988589,487911,27703
988723,487985,28311
989663,487985,28311
989389,488240,27703
1027596,488240,27703
989386,488241,27703
990217,488547,27703
1040642,488547,27703
990216,488548,27703
990801,488735,27703
990795,488736,27703
994682,488736,27703
990802,488737,27703
1002852,488936,27703
991787,489122,27703
998025,489242,29506
993458,489369,27703
992370,489370,27703
1065254,489370,27703
993174,489666,27703
993456,489790,27707
993703,489875,27510
994029,489961,27703
1007576,490020,27707
994570,490117,27707
996132,490730,19123
996125,490732,23503
998320,490732,23503
1052077,490732,23503
996417,490891,27703
1061114,490891,27703
997744,491343,27703
999676,491501,28036
999927,491530,27703
998373,491574,22191
1000078,492054,27703
1069898,492054,27703
1000077,492055,27703
1000646,492213,27703
1000972,492384,06120
1001541,492595,27701
1001752,492690,27703
1002339,492861,28334
1003537,493023,27701
1003863,493474,25404
1003860,493475,32202
1003859,493476,27704
1005406,493723,27701
1005151,493799,27703
1005315,494064,27514
1006534,494120,11234
1005762,494261,27701
1053539,494261,27703
1069251,494261,27703
1005766,494262,27701
1072533,494565,33009
1040218,494863,27701
1059083,494863,27701
1007987,495022,32209
1008601,495392,27801
981752,495393,23606
1001098,495393,23606
1067840,495616,27701
1010376,495985,27701
1027794,495985,27701
1011463,496402,14605
1013833,497056,27707
1014896,497406,27703
1015866,497739,27705
1070381,497739,27705
1016787,498085,08104
1053526,498153,27701
1018876,498539,28387
1018878,498540,27406
1018879,498541,02134
1018880,498542,27701
1018975,498577,17268
1019070,498604,27704
1019071,498614,11435
1020609,499134,27834
1021132,499237,27549
1021138,499238,27704
1040645,499238,27704
1021146,499239,27962
1022191,499578,27401
1026929,499579,27703
1023327,499958,27701
1033214,499959,27702
1069421,499959,27702
1025428,500604,27701
1025905,500803,27701
1026172,500865,27701
1038018,500865,27701
1027598,501202,27704
1027595,501203,27707
1027974,501345,27537
1027975,501346,27573
1056415,501346,27573
1027972,501347,27701
1028363,501460,27565
1029542,501642,27801
1032696,501642,27701
1030260,501815,27705
1072593,502277,85281
1032701,502389,27704
1040095,502389,27704
1032692,502390,27288
1034878,503086,27517
1048174,503164,28580
1072161,503164,28580
1035881,503355,27516
1052084,503355,27516
1062940,503355,27516
1037976,503401,27703
1036061,503403,27701
1060301,503403,27704
1036060,503404,27701
1052082,503404,27701
1069541,503404,27701
1037651,503686,27703
1036734,503687,27701
1037974,503688,27701
1055512,503859,27701
1037978,504096,27701
1038285,504198,27701
1039491,504522,30101
1039489,504523,27509
1039487,504524,27703
1067707,504524,27703
1041313,505060,27704
1041310,505061,27701
1067699,505067,27701
1041804,505236,27701
1069857,505629,27704
1045756,506343,27712
1065558,506343,27712
1045761,506344,27701
1045753,506345,27565
1045821,506360,27707
1050100,507702,27701
1050328,507760,27705
1054169,507761,27701
1065769,507761,27701
1053504,508714,27703
1053510,508715,27701
1067204,508715,27701
1069897,508715,27701
1053512,508716,27701
1067404,508716,27701
1070130,508716,27701
1053517,508717,27704
1053520,508718,27701
1067907,508718,27701
1069394,508718,27701
1053542,508723,48906
1053538,508724,28463
1065387,508724,28463
1054042,508797,23224
1054041,508798,27703
1054122,508838,27703
1055510,509237,27701
1057003,509654,27701
1068983,509654,27701
1070239,509654,27701
1073178,509654,27701
1057345,509783,27707
1065559,509783,27707
1057615,509869,12209
1057613,509870,27712
1057617,509873,93536
1057616,509874,12601
1059366,510435,27705
1059373,510453,27707
1059379,510454,49093
1059648,510543,27704
1059656,510546,27704
1059665,510549,11216
1059663,510550,27703
1060860,510912,27705
1067448,511675,27701
1064412,511970,27573
1064417,511973,48141
1064415,511977,27707
1064411,511983,92648
1064421,511984,34953
1065406,1000005,63033
1064662,1000042,27701
1064788,1000110,24333
1064789,1000112,14150
1064878,1000135,11208
1071925,1000135,11208
1065219,1000314,27704
1065220,1000315,27707
1065557,1000452,27874
1065967,1000661,27703
1066163,1000750,27701
1066321,1000790,30337
1070147,1000790,30337
1066724,1000940,27701
1066841,1000945,27525
1071926,1000945,27525
1066822,1000985,27707
1066825,1000993,27542
1067213,1001162,21223
1071194,1001162,21223
910639,1001336,27703
966361,1001336,27701
982663,1001336,27701
1022187,1001336,27701
1067663,1001367,28301
1069869,1001367,28301
1067702,1001380,27707
1067704,1001381,27701
1070513,1001381,27701
1073984,1001409,27704
1067835,1001458,27522
1067857,1001473,64053
1068013,1001534,27704
1071033,1001534,27704
1068085,1001550,28431
1068087,1001553,27705
1068561,1001777,27707
1068842,1001910,27705
1068844,1001911,27701
1068950,1001942,27701
1073189,1001942,27701
1068972,1001960,27701
1069060,1002007,27701
1069159,1002060,27701
1070132,1002060,27701
1071195,1002060,27701
1069427,1002177,27514
1069472,1002210,27713
1069556,1002246,28001
1069873,1002377,27707
1069874,1002385,27701
1071401,1002542,27713
1070250,1002547,27701
1070259,1002551,24592
1070621,1002573,27253
1073218,1002573,27253
1070394,1002617,27713
1072858,1002617,27713
1070510,1002693,27589
1070512,1002695,27702
1070615,1002754,27701
1070843,1002829,27701
1071006,1002914,36108
1071045,1002917,27713
1071467,1003060,77083
1071468,1003061,27703
1071826,1003175,27705
1071921,1003216,27701
1072605,1003383,27701
1072395,1003407,27707
1072396,1003410,34207
1072633,1003567,22191
1073391,1003567,22191
1072648,1003586,27713
1072724,1003614,27707
1072789,1003627,27705
1072893,1003658,27701
1072939,1003707,27705
1073267,1003772,27701
1073864,1003773,27701
1073273,1003922,27701
1073626,1004040,27517
1073895,1004044,27712
1073663,1004062,27713
1074026,1004126,28334
1074025,1004212,27701
1074405,1004266,27713
